名称,品牌,商圈,商圈距离m,own_S,D,P,D×P,商圈中位D×P,uplift,低证据点,采用
爷爷不泡茶NOYEYENOTEA(杭州砂之船奥特莱斯店),爷爷不泡茶,砂之船国际生活广场,91,2.0,4.4,0.8345,3.672,3.437,,,
CHAGEE霸王茶姬(浙江杭州上城高德置地广场店),霸王茶姬,高德商场,74,2.0,6.8,0.8236,5.6,5.631,,,
李若桃·手作酸奶铺(杭州来福士中心店),李若桃,杭州来福士广场,17,1.4,7.2,0.2461,1.772,1.772,,,
麦记牛奶(杭州来福士店),麦记牛奶,杭州来福士广场,6,1.4,7.0,0.2506,1.754,1.772,,,
古茗(上城市民中心店),古茗,砂之船国际生活广场,274,2.2,3.8,0.9045,3.437,3.437,,,
1点点(砂之船国际生活广场店),一点点,砂之船国际生活广场,104,1.6,1.0,0.8638,0.864,3.437,,Y,
瑞幸咖啡(杭州太平金融大厦店),瑞幸,高德置地广场,201,2.2,8.4,0.8864,7.446,1.777,4.1898,,Y
茉莉奶白(杭州万象城店),茉莉奶白,杭州万象城,31,1.5,12.6,0.3963,4.993,4.957,1.0073,,Y
裕莲茶楼(杭州万象城店),裕莲茶楼,杭州万象城,76,1.5,10.2,0.5292,5.398,4.957,1.0889,,Y
喜茶(杭州万象城gelato lab+店),喜茶,杭州万象城,157,2.0,10.0,0.4945,4.945,4.957,0.9976,,Y
CoCo都可(万象城美广店),CoCo,杭州万象城,7,1.8,12.6,0.3955,4.983,4.957,1.0053,,Y
古茗(江干城星路店),古茗,高德置地广场,495,2.2,6.8,0.2807,1.909,1.777,1.074,,Y
蜜雪冰城(尊宝大厦店),蜜雪冰城,高德置地广场,505,2.5,7.2,0.2762,1.988,1.777,1.1189,,Y
奈雪的茶(杭州上城鑫亚钱江时代pure店),奈雪,高德置地广场,466,1.8,10.0,0.4294,4.294,1.777,2.4161,,Y
茉酸奶(尊宝大厦·银尊店),茉酸奶,高德置地广场,487,1.6,6.8,0.1797,1.222,1.777,0.6877,,Y
沪上阿姨·精选茶饮(杭州尊宝大厦店),沪上阿姨,高德置地广场,495,1.8,6.8,0.242,1.646,1.777,0.926,,Y
古茗(杭州上城观音塘店),古茗,四季青中国服装第一街,542,2.2,7.2,0.5212,3.753,2.632,1.4258,,Y
LINLEE·手打柠檬茶(上城尊宝大厦店),LINLEE,高德置地广场,505,1.5,7.2,0.1457,1.049,1.777,0.5903,,Y
爷爷不泡茶NOYEYENOTEA(杭州上城钱江路店),爷爷不泡茶,杭州万象城,363,2.0,11.6,0.3483,4.04,4.957,0.8151,,Y
OT另茶(杭州万象城店),OT另茶,杭州万象城,323,1.4,11.6,0.3429,3.978,4.957,0.8025,,Y
蜜雪冰城(观音塘店),蜜雪冰城,四季青中国服装第一街,542,2.5,7.2,0.5838,4.204,2.632,1.5972,,Y
luckin coffee 瑞幸咖啡(宋都·兴业商务大厦店),瑞幸,杭州大厦501城市广场,760,2.2,4.0,1.0,4.0,2.518,1.5886,,Y
爷爷不泡茶NOYEYENOTEA(杭州中纺中心服装城店),爷爷不泡茶,四季青中国服装第一街,161,2.0,4.2,0.745,3.129,2.632,1.1889,,Y
蜜雪冰城(悦玺店),蜜雪冰城,杭州万象城,366,2.5,11.6,0.4284,4.969,4.957,1.0024,,Y
1点点(城星食代广场店),一点点,高德置地广场,515,1.6,7.2,0.1743,1.255,1.777,0.7063,,Y
霸王茶姬(浙江杭州上城四季青佳宝店),霸王茶姬,四季青中国服装第一街,254,2.0,5.0,0.7884,3.942,2.632,1.4978,,Y
茉莉奶白(杭州四季青店),茉莉奶白,四季青中国服装第一街,77,1.5,3.4,0.4497,1.529,2.632,0.5809,,Y
爷爷不泡茶NOYEYENOTEA(杭州大厦501城市广场店),爷爷不泡茶,杭州大厦501城市广场,161,2.0,7.6,0.6148,4.672,2.518,1.8557,,Y
古茗(杭州太平门直街),古茗,银泰百货(杭州庆春店),177,2.2,12.2,0.3945,4.812,3.808,1.2638,,Y
李若桃·手作酸奶铺(杭州501大厦店),李若桃,杭州大厦501城市广场,82,1.4,6.8,0.3418,2.324,2.518,0.923,,Y
1点点(悦玺店),一点点,杭州万象城,353,1.6,11.6,0.2968,3.443,4.957,0.6945,,Y
茶百道(四季青店),茶百道,T9新杭派-设计师女装集合地,367,1.8,5.2,0.2976,1.547,2.482,0.6235,,Y
茉莉奶白(杭州大厦501店),茉莉奶白,杭州大厦501城市广场,43,1.5,6.8,0.3063,2.083,2.518,0.8271,,Y
沪上阿姨鲜果茶(杭州师范大学下沙店),沪上阿姨,高德置地广场,466,1.8,10.0,0.4289,4.289,1.777,2.4134,,Y
CoCo都可(太平门直街店),CoCo,银泰百货(杭州庆春店),174,1.8,12.2,0.3194,3.896,3.808,1.0232,,Y
蜜雪冰城(太平门直街店),蜜雪冰城,银泰百货(杭州庆春店),99,2.5,11.4,0.3389,3.863,3.808,1.0145,,Y
1点点(太平门直街店),一点点,银泰百货(杭州庆春店),98,1.6,11.2,0.2166,2.426,3.808,0.637,,Y
古茗(杭州上城四季青二店),古茗,T9新杭派-设计师女装集合地,379,2.2,5.2,0.3396,1.766,2.482,0.7115,,Y
霸王茶姬(浙江杭州上城四季青常青店),霸王茶姬,四季青中国服装第一街,162,2.0,3.4,0.6821,2.319,2.632,0.8811,,Y
蜜雪冰城(双菱路店),蜜雪冰城,四季青中国服装第一街,757,2.5,9.6,0.8538,8.197,2.632,3.1143,,Y
茶百道(太平门直街店),茶百道,银泰百货(杭州庆春店),98,1.8,11.2,0.2459,2.754,3.808,0.7232,,Y
1点点(江干四季青店),一点点,四季青中国服装第一街,401,1.6,4.4,0.3331,1.466,2.632,0.5569,,Y
沪上阿姨·精选茶饮(杭州四季青服饰城店),沪上阿姨,四季青中国服装第一街,101,1.8,3.4,0.4952,1.684,2.632,0.6398,,Y
古茗(江干四季青店),古茗,T9新杭派-设计师女装集合地,140,2.2,7.4,0.81,5.994,2.482,2.4153,,Y
LINLEE·手打柠檬茶(太平门直街店),LINLEE,银泰百货(杭州庆春店),154,1.5,12.2,0.3076,3.752,3.808,0.9855,,Y
蜜雪冰城(四季青店),蜜雪冰城,T9新杭派-设计师女装集合地,374,2.5,5.2,0.3734,1.942,2.482,0.7824,,Y
luckin coffee 瑞幸咖啡(尚城女装中心店),瑞幸,四季青中国服装第一街,123,2.2,4.2,0.5832,2.449,2.632,0.9306,,Y
喜茶(杭州天虹店),喜茶,天虹购物中心B座,44,2.0,14.8,0.4221,6.247,6.247,,,
蜜雪冰城(昆龙美食城店),蜜雪冰城,四季青中国服装第一街,191,2.5,4.2,0.6266,2.632,2.632,1.0,,Y
奈雪的茶(杭州天虹购物中心店),奈雪,天虹购物中心B座,11,1.8,17.2,0.3915,6.735,6.247,,,
茶百道(杭州天虹店),茶百道,天虹购物中心B座,19,1.8,17.2,0.3481,5.987,6.247,,,
瑞幸咖啡(昆龙童装城负一楼店),瑞幸,四季青中国服装第一街,214,2.2,5.8,0.5821,3.376,2.632,1.2828,,Y
古茗(杭州上城景芳站店),古茗,景芳地铁商业街,39,2.2,17.2,0.3985,6.854,6.854,,,
蜜雪冰城,蜜雪冰城,天阳亲子广场(近江店),625,2.5,14.4,0.907,13.061,5.263,2.4819,,Y
Yes Lemon就是柠·手打柠檬茶(杭州大厦501店),就是柠,杭州大厦501城市广场,29,1.3,6.0,0.3077,1.846,2.518,0.7332,,Y
瑞幸咖啡(四季青丝绸源一楼店),瑞幸,T9新杭派-设计师女装集合地,288,2.2,4.4,0.6868,3.022,2.482,1.2176,,Y
LELECHA乐乐茶(杭州天虹购物中心店),乐乐茶,杭州五福天虹购物中心,12,1.6,17.2,0.3142,5.404,4.776,,,
春莱•老挝冰咖啡泰式奶茶(四季青店),春莱,四季青中国服装第一街,385,1.4,4.4,0.3094,1.361,2.632,0.5173,,Y
古茗(上城天阳亲子店),古茗,天阳亲子广场(近江店),5,2.2,8.4,0.4477,3.76,5.263,0.7145,,Y
煲珠公.老红糖珍珠奶茶(五福天虹购物中心B座店),煲珠公,天虹购物中心A座,17,1.4,17.2,0.2564,4.41,4.391,,,
沪上阿姨鲜果茶(杭州庆春广场店),沪上阿姨,杭州大厦501城市广场,224,1.8,6.0,0.668,4.008,2.518,1.5919,,Y
LINLEE林里·手打柠檬茶(五福天虹购物中心店),LINLEE,天虹购物中心A座,10,1.5,16.4,0.2666,4.372,4.391,,,
CoCo都可(近江天阳店),CoCo,天阳亲子广场(近江店),12,1.8,8.4,0.3869,3.25,5.263,0.6175,,Y
1点点(双菱店),一点点,佳好佳居饰商城,746,1.6,10.4,0.3454,3.592,5.735,,,
CHAGEE霸王茶姬(西子国际店),霸王茶姬,杭州大厦501城市广场,33,2.0,6.8,0.3703,2.518,2.518,1.0,,Y
蜜雪冰城,蜜雪冰城,天阳亲子广场(近江店),18,2.5,10.0,0.5681,5.681,5.263,1.0795,,Y
古茗(杭州上城来福士店)(暂停营业),古茗,杭州来福士广场,31,2.2,7.2,0.3854,2.775,1.772,,,
茶百道(杭州高德置地店)(暂停营业),茶百道,高德商场,57,1.8,7.6,0.745,5.662,5.631,,,
茶百道(杭州尊宝大厦店(新))(暂停营业),茶百道,高德置地广场,505,1.8,7.2,0.2155,1.552,1.777,0.8731,,Y
蜜雪冰城(南萧埠小区金兰池公寓店),蜜雪冰城,佳好佳居饰商城,721,2.5,10.4,0.6302,6.554,5.735,,,
古茗(杭州上城双菱路店),古茗,佳好佳居饰商城,749,2.2,10.4,0.4726,4.915,5.735,,,
1点点(景芳地铁商业街店),一点点,景芳地铁商业街,18,1.6,17.2,0.3343,5.749,6.854,,,
喜茶(杭州新塘世纪联华店),喜茶,景芳地铁商业街,238,2.0,14.2,0.8306,11.794,6.854,,,
Yes Lemon就是柠·手打柠檬茶(杭州五福天虹广场店),就是柠,杭州五福天虹购物中心,14,1.3,17.2,0.2412,4.149,4.776,,,
T9九天时尚中心瑞幸咖啡,瑞幸,T9新杭派-设计师女装集合地,228,2.2,6.0,0.6814,4.088,2.482,1.6472,,Y
爷爷不泡茶NOYEYENOTEA(杭州金地威新中心店),爷爷不泡茶,天阳亲子广场(近江店),222,2.0,7.6,0.8621,6.552,5.263,1.245,,Y
茶百道(杭州万泰城店),茶百道,万泰城,38,1.8,7.6,0.7135,5.423,5.543,,,
喜茶(杭州上城万泰城店),喜茶,万泰城,8,2.0,7.6,0.7451,5.663,5.543,,,
春莱.老挝冰咖啡.泰式奶茶(景芳店),春莱,东记鲜活牛肉店(五福天虹购物中心B座店),185,1.4,14.0,0.7661,10.725,10.489,,,
贡茶(双菱路店),贡茶,佳好佳居饰商城,624,1.4,8.8,0.7956,7.002,5.735,,,
昙花庵路(蜜雪冰城店),蜜雪冰城,东记鲜活牛肉店(五福天虹购物中心B座店),593,2.5,10.4,0.9858,10.252,10.489,,,
书亦烧仙草(杭州城站店),书亦烧仙草,新天工艺苑,712,1.7,7.2,0.976,7.027,7.885,0.8912,,Y
瑞幸咖啡(萧山深蓝国际中心1幢店),瑞幸,AT天地商业街,457,2.2,4.4,0.9879,4.347,5.287,,,
茶百道(杭州萧山钱江大观店),茶百道,朝龙汇D+PARK,633,1.8,6.4,0.955,6.112,1.663,3.6761,,Y
1点点(建国中路店),一点点,新天工艺苑,252,1.6,9.8,0.8857,8.68,7.885,1.1009,,Y
奈雪的茶(杭州衣之家百货PRO店),奈雪,天阳亲子广场(近江店),482,1.8,5.0,0.9689,4.845,5.263,0.9205,,Y
古茗(奥体银泰店),古茗,莲荷里,55,2.2,6.0,0.4343,2.606,2.366,1.1011,,Y
茶理宜世(杭州银泰奥体莲荷里店),茶理宜世,莲荷里,48,1.5,4.8,0.4372,2.099,2.366,0.8869,,Y
蜜雪冰城(建国中路店),蜜雪冰城,新天工艺苑,367,2.5,7.4,0.958,7.09,7.885,0.8991,,Y
茶百道(杭州奥体中心店),茶百道,莲荷里,50,1.8,6.0,0.3606,2.164,2.366,0.9144,,Y
LINLEE·手打柠檬茶(滨江奥体莲荷里店),LINLEE,莲荷里,48,1.5,5.6,0.4226,2.366,2.366,1.0,,Y
瑞幸咖啡(萧山奥邸国际店),瑞幸,AT天地商业街,504,2.2,6.4,0.9729,6.227,5.287,,,
茉莉奶白(杭州滨江莲荷里店),茉莉奶白,莲荷里,60,1.5,6.0,0.3869,2.321,2.366,0.981,,Y
CHAGEE霸王茶姬(杭州滨江奥体中心莲荷里店),霸王茶姬,莲荷里,92,2.0,6.0,0.5389,3.233,2.366,1.3664,,Y
古茗(萧山钱江世纪公园),古茗,朝龙汇D+PARK,228,2.2,3.0,0.7686,2.306,1.663,1.3868,,Y
霸王茶姬(浙江杭州庆春路店),霸王茶姬,嘉德广场,405,2.0,8.2,0.766,6.281,5.31,1.1829,,Y
LINLEE·手打柠檬茶(钱江世纪公园店),LINLEE,钱江世纪公园A区,136,1.5,3.0,0.7521,2.256,2.256,,,
古茗(上城江城店),古茗,河坊街景区,812,2.2,6.4,0.7099,4.543,3.977,1.1424,,Y
奈雪的茶(杭州朝龙汇PRO店),奈雪,朝龙汇D+PARK,6,1.8,3.6,0.4593,1.654,1.663,0.9945,,Y
蜜雪冰城(望江路店),蜜雪冰城,河坊街景区,792,2.5,4.8,0.7827,3.757,3.977,0.9447,,Y
蜜雪冰城(莲荷里店),蜜雪冰城,莲荷里,110,2.5,6.0,0.6096,3.658,2.366,1.5458,,Y
沪上阿姨·精选茶饮(杭州江城路店),沪上阿姨,河坊街景区,887,1.8,7.2,0.879,6.329,3.977,1.5913,,Y
1点点(庆春路),一点点,嘉德广场,446,1.6,9.8,0.6242,6.117,5.31,1.1521,,Y
蜜雪冰城(奥体地铁站D口店),蜜雪冰城,杭州奥体地铁商业街,34,2.5,6.0,0.8024,4.814,4.814,,,
古茗(萧山丽晶国际店),古茗,朝龙汇D+PARK,297,2.2,2.2,0.7599,1.672,1.663,1.0055,,Y
喜茶(杭州钱江世纪城朝龙汇店),喜茶,朝龙汇D+PARK,33,2.0,3.4,0.5113,1.739,1.663,1.0456,,Y
luckin coffee 瑞幸咖啡(新天工艺苑店),瑞幸,新天工艺苑,42,2.2,10.6,0.8613,9.13,7.885,1.1579,,Y
蜜雪冰城(钱江世纪城地铁站店),蜜雪冰城,朝龙汇D+PARK,89,2.5,2.0,0.5254,1.051,1.663,0.6319,,Y
沪上阿姨·精选茶饮(杭州建国北路店),沪上阿姨,嘉德广场,923,1.8,8.8,0.994,8.747,5.31,1.6474,,Y
古茗(星耀城1期九宜城店),古茗,九宜城(星耀城1期店),28,2.2,29.2,0.7953,23.221,23.221,,,
闲吉(十五奎巷店),闲吉,南宋御街中山路步行街,317,1.1,3.0,0.672,2.016,2.239,,,
裕莲茶楼(杭州亚奥万象天地店),裕莲茶楼,杭州亚奥万象天地,112,1.5,1.8,0.7342,1.322,1.445,,,
CHAGEE霸王茶姬(浙江杭州上城河坊街二店),霸王茶姬,河坊街景区,38,2.0,1.4,0.7871,1.102,3.977,0.2771,,Y
CHAGEE霸王茶姬(浙江杭州星澜里店),霸王茶姬,星澜里,48,2.0,10.6,0.5839,6.19,5.521,1.121,,Y
CHAGEE霸王茶姬(河坊街三店),霸王茶姬,河坊街景区,193,2.0,1.4,0.7451,1.043,3.977,0.2623,,Y
蜜雪冰城(杭州龙湖春江彼岸店),蜜雪冰城,杭州奥体地铁商业街,294,2.5,5.8,0.9602,5.569,4.814,,,
喜茶(杭州萧山亚奥万象天地店),喜茶,杭州亚奥万象天地,353,2.0,1.8,0.9573,1.723,1.445,,Y,
瑞幸咖啡(江城路地铁站),瑞幸,河坊街景区,846,2.2,5.6,0.7495,4.197,3.977,1.0553,,Y
喜茶(杭州凤起路店),喜茶,嘉德广场,713,2.0,5.6,0.4884,2.735,5.31,0.5151,,Y
蜜雪冰城(凤起店),蜜雪冰城,嘉德广场,694,2.5,7.2,0.6842,4.926,5.31,0.9278,,Y
CHAGEE霸王茶姬(云雀苑店),霸王茶姬,河坊街景区,859,2.0,5.6,0.767,4.295,3.977,1.0801,,Y
蜜雪冰城(建国南苑南2区店),蜜雪冰城,河坊街景区,818,2.5,4.0,0.659,2.636,3.977,0.6629,,Y
古茗(杭州下城凤起路店),古茗,嘉德广场,728,2.2,5.6,0.5168,2.894,5.31,0.5451,,Y
luckin coffee 瑞幸咖啡(清泰街店),瑞幸,新天工艺苑,319,2.2,13.8,0.9524,13.143,7.885,1.6669,,Y
茉莉奶白(杭州朝龙汇DPARK店),茉莉奶白,朝龙汇D+PARK,21,1.5,3.6,0.3765,1.356,1.663,0.8152,,Y
蜜雪冰城(丽晶国际店),蜜雪冰城,朝龙汇D+PARK,331,2.5,2.0,0.8145,1.629,1.663,,Y,
蜜雪冰城(建国中路二店),蜜雪冰城,新天工艺苑,765,2.5,6.4,0.903,5.779,7.885,0.733,,Y
茶百道(杭州环北丝绸店),茶百道,嘉德广场,717,1.8,5.6,0.4883,2.734,5.31,0.515,,Y
茶百道(杭州星耀城店),茶百道,星耀城二期城市生活广场,46,1.8,29.2,0.5251,15.333,13.408,,,
古茗(杭州河坊街店),古茗,清河坊步行街,53,2.2,2.4,0.7439,1.785,2.16,,,
喜茶(杭州滨江星澜里店),喜茶,星澜里,26,2.0,11.4,0.648,7.387,5.521,1.3378,,Y
茉莉奶白(杭州亚奥万象天地店),茉莉奶白,杭州亚奥万象天地,100,1.5,1.8,0.8025,1.445,1.445,,Y,
沪上阿姨·精选茶饮(杭州中山南路店),沪上阿姨,南宋御街中山路步行街,336,1.8,3.0,0.8209,2.463,2.239,,,
1点点(旗胜路店),一点点,朝龙汇D+PARK,95,1.6,2.0,0.3535,0.707,1.663,0.4252,,Y
Yes Lemon就是柠·手打柠檬茶(EIC欧美广场店),就是柠,朝龙汇D+PARK,447,1.3,3.4,0.4951,1.683,1.663,1.0124,,Y
CHAGEE霸王茶姬(浙江杭州滨江星耀城店),霸王茶姬,星耀城二期城市生活广场,53,2.0,30.0,0.4666,13.997,13.408,,,
1点点(星耀城二期城市生活广场店),一点点,星耀城二期城市生活广场,40,1.6,28.4,0.4513,12.818,13.408,,,
1点点(奥体中心地铁站店),一点点,杭州奥体地铁商业街,170,1.6,6.0,0.6104,3.662,4.814,,,
瑞幸咖啡,瑞幸,嘉德广场,499,2.2,7.4,0.7693,5.693,5.31,1.0722,,Y
周四晚不止碰到茶(湖滨店),周四晚,IN77购物中心,30,1.6,11.2,0.3762,4.214,4.214,,,
裕莲茶楼(杭州湖滨in77B区店),裕莲茶楼,杭州湖滨银泰广场,18,1.5,10.4,0.2884,2.999,3.537,,,
裕莲茶楼(杭州滨江宝龙城店),裕莲茶楼,宝龙城,152,1.5,1.2,0.8897,1.068,0.9,,Y,
裕莲茶楼(杭州金沙龙湖店),裕莲茶楼,晓城天地-4幢户外商业街,76,1.5,3.8,0.623,2.367,3.287,,,
裕莲茶楼(杭州乐堤港店),裕莲茶楼,乐堤港A区,26,1.5,3.6,0.601,2.164,2.234,,,
裕莲茶楼(杭州中心店),裕莲茶楼,杭州中心,43,1.5,6.0,0.5853,3.512,3.386,,,
裕莲茶楼(杭州城西银泰店),裕莲茶楼,杭州城西银泰城,43,1.5,1.8,0.8608,1.549,2.127,,Y,
周四晚·不止碰到茶(远洋乐堤港A区店),周四晚,乐堤港A区,23,1.6,3.6,0.6399,2.304,2.234,,,
泰柯茶园(西溪龙湖天街),Tamkoko泰柯茶园,龙湖杭州西溪天街,54,1.2,6.0,0.95,5.7,5.7,,,
蜜雪冰城(杭州旗舰店),蜜雪冰城,杭州西溪银泰城,136,2.5,4.4,0.9704,4.27,4.591,,,
蜜雪冰城(平海路67号),蜜雪冰城,杭州湖滨in77C1区,78,2.5,15.8,0.4351,6.874,6.554,,,
古茗(杭州湖滨in77B区店),古茗,杭州湖滨in77B区,47,2.2,12.0,0.4471,5.365,4.476,,,
喜茶(杭州湖滨in77B区店),喜茶,杭州湖滨银泰广场,37,2.0,11.2,0.3639,4.076,3.537,,,
茉莉奶白(杭州湖滨in77B区店),茉莉奶白,杭州湖滨in77B区,21,1.5,12.0,0.2988,3.586,4.476,,,
蜜雪冰城(西湖景区湖滨88店),蜜雪冰城,湖滨步行街,11,2.5,11.4,0.5865,6.686,6.686,,,
"蜜雪冰城(仁和路店,位置处于延安路215号)",蜜雪冰城,杭州湖滨in77,52,2.5,8.6,0.7266,6.249,6.249,,,
古茗(杭州上城平海路店),古茗,杭州湖滨in77C1区,79,2.2,15.8,0.3945,6.233,6.554,,,
蜜雪冰城(学士路店),蜜雪冰城,ICON年轻派中心,133,2.5,12.0,0.7132,8.558,8.558,,,
茉莉奶白(杭州湖滨88店),茉莉奶白,杭州湖滨88,53,1.5,10.4,0.4951,5.149,5.149,,,
奈雪的茶(杭州东站万象汇店),奈雪,杭州东站万象汇,20,1.8,10.0,0.5584,5.584,5.584,,,
古茗(杭州上城工联CC),古茗,工联CC,31,2.2,14.4,0.4616,6.646,6.646,,,
古茗(萧山利丰路店),古茗,五金电器商场(新市民公寓店),646,2.2,4.8,0.9196,4.414,4.672,,,
茶百道(杭州创景路店),茶百道,万达广场(杭州未来科技城店),365,1.8,13.0,0.8835,11.485,11.485,,,
古茗(杭州环球中心店),古茗,银泰百货杭州文化广场奥特莱斯,58,2.2,8.0,0.8778,7.022,7.022,,,
奈雪的茶(杭州滨江宝龙店),奈雪,滨江宝龙城市广场商业街,92,1.8,1.2,0.6331,0.76,0.76,,,
CHAGEE霸王茶姬(浙江杭州西湖灵隐寺商业街店),霸王茶姬,隐市,120,2.0,0.2,1.0,0.2,0.2,,Y,
麦记牛奶(杭州中心店),麦记牛奶,杭州中心,0,1.4,6.8,0.4794,3.26,3.386,,,
蜜雪冰城(杭师大南2门店),蜜雪冰城,乐时城,281,2.5,40.2,0.9021,36.263,20.815,1.7421,,Y
茶百道(杭州武林夜市店),茶百道,武林好吃街,55,1.8,5.8,0.4358,2.528,2.977,,,
奈雪的茶(杭州西湖银泰店),奈雪,银泰百货(杭州西湖店),112,1.8,5.8,0.8155,4.73,4.314,,,
古茗(杭州西湖六公园店),古茗,WAKE TOWN商业街,330,2.2,2.2,0.7241,1.593,1.593,,,
古茗(杭州定安路店),古茗,银泰百货(杭州西湖店),139,2.2,6.4,0.6746,4.317,4.314,,,
蜜雪冰城(滨江天街店),蜜雪冰城,龙湖滨江天街B馆,45,2.5,8.0,0.343,2.744,2.127,1.2904,,Y
奈雪的茶(杭州萧山万象汇店),奈雪,杭州萧山万象汇,77,1.8,2.6,0.7462,1.94,2.143,,,
奈雪的茶(杭州黄龙万科店),奈雪,黄龙国际中心K-lab,43,1.8,7.4,0.8508,6.296,6.296,,,
蜜雪冰城(城西银泰对面萍水街418号),蜜雪冰城,杭州城西银泰城,245,2.5,2.8,0.9661,2.705,2.127,,Y,
CHAGEE霸王茶姬(萧山归谷国际中心店),霸王茶姬,ITC归谷国际中心·钱江印,161,2.0,2.6,0.9703,2.523,2.523,,Y,
古茗(萧山万象汇二店),古茗,杭州萧山万象汇,53,2.2,2.6,0.8243,2.143,2.143,,Y,
茶百道(杭州大悦城店),茶百道,杭州大悦城,51,1.8,2.6,0.9364,2.435,2.435,,Y,
CHAGEE霸王茶姬(华夏之心店),霸王茶姬,杭州华夏之心·WeTown美瑭,50,2.0,66.8,0.2881,19.243,18.427,1.0443,,Y
古茗(余杭西溪北苑店),古茗,天空藤集,704,2.2,2.4,0.9544,2.291,2.265,,Y,
CHAGEE霸王茶姬(浙江杭州上城西湖银泰店),霸王茶姬,银泰百货(杭州西湖店),70,2.0,7.2,0.5988,4.311,4.314,,,
古茗(下沙宝龙二期店),古茗,白杨街道宝龙商业中心(宝龙城市广场店),5,2.2,4.4,0.976,4.295,4.295,,,
古茗(杭州武林夜市店),古茗,武林好吃街,56,2.2,5.8,0.5133,2.977,2.977,,,
奈雪的茶(杭州余杭欧美金融广场店),奈雪,T2英国中心(EFC LIVE欧美广场店),20,1.8,59.2,0.4551,26.94,26.94,,,
茶百道(杭州龙湖金沙天街新店),茶百道,龙湖杭州金沙天街,71,1.8,3.8,0.5485,2.084,1.712,,,
周四晚·不止碰到茶(杭州东站万象汇店),周四晚,杭州东站万象汇,60,1.6,10.0,0.5765,5.765,5.584,,,
古茗(萧山万象汇店),古茗,杭州萧山万象汇,149,2.2,2.6,0.8349,2.171,2.143,,Y,
古茗(杭州浙大望月店),古茗,宝港生活广场,376,2.2,6.6,0.5704,3.764,3.97,,,
茶百道(杭州新天地店 ),茶百道,G193生活购物中心,359,1.8,3.6,0.9893,3.561,3.561,,,
茶百道(滨江宝龙店),茶百道,滨江宝龙城市广场商业街,37,1.8,1.2,0.6341,0.761,0.76,,,
古茗(萧山奥体印象城店),古茗,印力汇德隆杭州奥体印象城,52,2.2,1.8,0.9348,1.683,1.683,,Y,
茶百道(同顺路店),茶百道,天空藤集,628,1.8,2.4,0.9334,2.24,2.265,,Y,
古茗(滨江网商路店),古茗,安放山泽里,485,2.2,1.8,1.0,1.8,1.8,,Y,
CoCo都可(杭州萧山联合中心店),CoCo,五金电器商场(新市民公寓店),609,1.8,5.6,0.8804,4.93,4.672,,,
蜜雪冰城(三花国际店),蜜雪冰城,港龙悠乐城,202,2.5,2.0,0.7237,1.447,1.447,,,
麦记牛奶(东站万象汇店),麦记牛奶,杭州东站万象汇,20,1.4,10.0,0.4395,4.395,5.584,,,
CoCo都可(杭州之翼店),CoCo,杭州德信中心商场,225,1.8,7.8,0.8205,6.4,3.923,,,
茶百道(杭州西溪银泰城店),茶百道,杭州西溪银泰城,62,1.8,5.2,0.9445,4.911,4.591,,,
奈雪的茶(杭州大厦PRO店),奈雪,杭州大厦购物城·中央商城,48,1.8,6.6,0.8884,5.863,5.863,,,
古茗(下城新天地店),古茗,新天地购物中心,41,2.2,5.2,0.8883,4.619,4.619,,,
蜜雪冰城(吾角天街店),蜜雪冰城,吾角MALL,110,2.5,2.8,0.9533,2.669,2.669,,Y,
蜜雪冰城(望月店),蜜雪冰城,宝港生活广场,376,2.5,6.6,0.6328,4.176,3.97,,,
蜜雪冰城(河坊街二店),蜜雪冰城,清河坊步行街,121,2.5,3.2,0.7922,2.535,2.16,,,
茶百道(杭州杨家墩店),茶百道,滨江啦喜街(杨家墩综合大楼店),34,1.8,5.0,1.0,5.0,5.0,,,
茶百道(湖墅潮王店),茶百道,潮王路地铁商业街,867,1.8,6.4,0.9887,6.328,3.564,,,
CoCo都可(河东店),CoCo,潮王路地铁商业街,655,1.8,0.8,1.0,0.8,3.564,,Y,
茶百道(杭州金沙印象城店),茶百道,杭州金沙印象城,38,1.8,2.8,0.8341,2.335,2.335,,Y,
周四晚·不止碰到茶(杭州国大城市广场店),周四晚,国大城市广场,29,1.6,6.2,0.759,4.706,4.706,,,
古茗(杭州上城三花国际),古茗,杭州德信中心商场,232,2.2,2.0,0.7228,1.446,3.923,,,
蜜雪冰城(武林夜市2店龙游路35号),蜜雪冰城,武林好吃街,20,2.5,5.8,0.6852,3.974,2.977,,,
1点点(杭州滨江宝龙城店),一点点,宝龙城,56,1.6,1.2,0.6098,0.732,0.9,,,
CoCo都可(龙湖杭州金沙天街店),CoCo,龙湖杭州金沙天街,45,1.8,3.0,0.5425,1.627,1.712,,,
茶百道(杭州新风店),茶百道,汇和城购物中心,177,1.8,3.0,1.0,3.0,3.0,,,
CoCo都可(宝龙店),CoCo,杭州下沙宝龙广场,162,1.8,4.4,0.7492,3.297,3.298,,,
茶百道(杭州下沙宝龙一期店),茶百道,杭州下沙宝龙广场,177,1.8,4.4,0.7501,3.3,3.298,,,
CoCo都可(银隆店),CoCo,汇德隆银隆B座,37,1.8,2.4,0.769,1.846,1.846,,,
CoCo都可(西湖银泰店),CoCo,银泰百货(杭州西湖店),35,1.8,6.8,0.5825,3.961,4.314,,,
茶百道(杭州天城路店),茶百道,天城商业中心,195,1.8,1.0,0.9867,0.987,0.987,,Y,
茶百道(滨江银泰店),茶百道,银泰百货A区,74,1.8,8.4,0.3405,2.86,2.724,,,
蜜雪冰城(上沙店),蜜雪冰城,晓城天地-4幢户外商业街,241,2.5,4.6,0.9143,4.206,3.287,,,
蜜雪冰城(拱墅万达广场店),蜜雪冰城,万达广场(杭州拱墅店),80,2.5,3.8,0.9763,3.71,3.71,,,
茶百道(杭州临平万达店),茶百道,万达广场(杭州临平店),123,1.8,1.0,0.9781,0.978,0.978,,Y,
古茗(余杭通运店),古茗,MOMALL(杭行荟店),837,2.2,0.0,1.0,0.0,0.0,,Y,
蜜雪冰城(杭州五联店),蜜雪冰城,米兰街(金田花园店),319,2.5,3.4,1.0,3.4,3.4,,,
茶百道(杭州莲花街店),茶百道,浙商水下商业街(浙商财富中心2号楼店),63,1.8,4.4,0.9212,4.053,4.053,,,
古茗(临平银泰负一楼店),古茗,杭州临平银泰城,105,2.2,4.4,0.9962,4.383,4.383,,,
CoCo都可(欧美广场),CoCo,EFC LIVE欧美广场商业A区,33,1.8,66.4,0.3849,25.554,23.185,,,
麦记牛奶(金沙天街店),麦记牛奶,龙湖杭州金沙天街,14,1.4,3.8,0.4505,1.712,1.712,,,
古茗(鄞州北明程路店),古茗,甬耀食品商场(东部店),394,2.2,12.2,0.6989,8.527,8.527,1.0,,Y
喜茶(宁波东银泰城店),喜茶,宁波东银泰城,107,2.0,6.6,0.6484,4.279,2.579,1.6589,,Y
CHAGEE霸王茶姬(浙江宁波鄞州东部银泰城店),霸王茶姬,宁波东银泰城,129,2.0,2.6,0.7688,1.999,2.579,0.7749,,Y
1点点(锦绣东城店),一点点,甬耀食品商场(东部店),388,1.6,11.4,0.416,4.742,8.527,0.5562,,Y
蜜雪冰城(锦绣东城店),蜜雪冰城,甬耀食品商场(东部店),399,2.5,11.4,0.604,6.886,8.527,0.8076,,Y
古茗(鄞州文化广场店),古茗,宁波阪急,456,2.2,14.8,0.657,9.723,6.047,,,
春莱奶茶(东部新城店),春莱,甬耀食品商场(东部店),291,1.4,17.8,0.9008,16.035,8.527,1.8805,,Y
蜜雪冰城(东部银泰城店),蜜雪冰城,宁波东银泰城,75,2.5,3.4,0.7587,2.579,2.579,1.0,,Y
古茗(鄞州东部银泰城店),古茗,宁波东银泰城,102,2.2,2.6,0.7379,1.918,2.579,0.7437,,Y
霸王茶姬(浙江宁波鄞州宏泰广场店),霸王茶姬,宏泰广场购物中心,126,2.0,8.6,0.4156,3.574,2.351,1.5201,,Y
LELECHA乐乐茶(宁波阪急店),乐乐茶,宁波阪急,75,1.6,11.8,0.5124,6.047,6.047,,,
LINLEE·手打柠檬茶(宏泰广场店),LINLEE,宏泰广场购物中心,109,1.5,8.6,0.307,2.64,2.351,1.1228,,Y
CHAGEE霸王茶姬(浙江宁波鄞州华章华骏中心店),霸王茶姬,甬耀食品商场(东部店),151,2.0,12.8,0.9639,12.338,8.527,1.447,,Y
CoCo都可(宏泰店),CoCo,宏泰广场购物中心,73,1.8,8.0,0.2939,2.351,2.351,1.0,,Y
茉莉奶白(宏泰广场店),茉莉奶白,宏泰广场购物中心,39,1.5,8.0,0.3029,2.423,2.351,1.0304,,Y
1点点(宏泰广场店),一点点,宏泰广场购物中心,5,1.6,7.2,0.2993,2.155,2.351,0.9165,,Y
古茗(鄞州东部银泰城店),古茗,宁波东银泰城,83,2.2,8.2,0.7335,6.015,2.579,2.3319,,Y
爷爷不泡茶NOYEYENOTEA(宁波鄞州宏泰广场店),爷爷不泡茶,宏泰广场购物中心,55,2.0,8.0,0.2744,2.195,2.351,0.9337,,Y
瑞幸咖啡(招商银行大楼店),瑞幸,甬南食品商场(钱业店),138,2.2,10.2,0.8173,8.336,9.3,,,
沪上阿姨·精选茶饮(宁波鄞州宏泰广场店),沪上阿姨,宏泰广场购物中心,47,1.8,8.8,0.2564,2.257,2.351,0.9597,,Y
1点点(鼎泰店),一点点,甬南食品商场(钱业店),43,1.6,12.6,0.7731,9.741,9.3,,,
古茗(鄞州宏泰广场店),古茗,宏泰广场,121,2.2,7.2,0.5882,4.235,4.235,,,
泰柯茶园,Tamkoko泰柯茶园,宏泰广场购物中心,42,1.2,8.0,0.2504,2.004,2.351,0.8521,,Y
茉酸奶(宏泰广场店),茉酸奶,宏泰广场购物中心,68,1.6,10.4,0.3555,3.697,2.351,1.5723,,Y
瑞幸咖啡(国华松下街店),瑞幸,宏泰广场购物中心,477,2.2,11.4,0.9315,10.619,2.351,4.5159,,Y
古茗(鄞州国金店),古茗,甬南食品商场(钱业店),190,2.2,11.0,0.8455,9.3,9.3,,,
蜜雪冰城(保利印江南店),蜜雪冰城,保利悠悦汇,121,2.5,8.2,0.8671,7.11,7.062,,,
luckin coffee 瑞幸咖啡(宁波富邦中心店),瑞幸,NFCC宁波时尚创意中心,381,2.2,7.4,0.9851,7.29,7.29,,,
luckin coffee 瑞幸咖啡(保利·印江南店),瑞幸,保利悠悦汇,61,2.2,9.0,0.7794,7.015,7.062,,,
古茗(鄞州金东岸店),古茗,幸福里主题商业街区,664,2.2,3.2,0.7751,2.48,5.901,,,
茉酸奶( 宁波阪急百货店 ),茉酸奶,宁波阪急,51,1.6,11.6,0.4799,5.567,6.047,,,
爷爷不泡茶NOYEYENOTEA(宁波高新宝龙店),爷爷不泡茶,高新宝龙广场,35,2.0,8.2,0.3457,2.835,3.214,0.882,,Y
古茗(鄞州高新宝龙店),古茗,高新宝龙广场,90,2.2,8.2,0.3919,3.214,3.214,1.0,,Y
LELECHA乐乐茶(高新宝龙店),乐乐茶,高新宝龙广场,64,1.6,8.2,0.2213,1.815,3.214,0.5648,,Y
沪上阿姨·精选茶饮(宁波高新宝龙广场店),沪上阿姨,高新宝龙广场,57,1.8,8.2,0.242,1.984,3.214,0.6174,,Y
Tamkoko泰柯茶园(宁波高新宝龙店),Tamkoko泰柯茶园,高新宝龙广场,68,1.2,8.2,0.1878,1.54,3.214,0.4792,,Y
蜜雪冰城(高新宝龙广场店),蜜雪冰城,高新宝龙广场,46,2.5,9.0,0.5513,4.961,3.214,1.5438,,Y
喜茶(宁波鄞州乐橙荟店),喜茶,乐橙荟,94,2.0,9.8,0.4461,4.372,3.603,1.2132,,Y
茶百道(宁波高新宝龙广场店),茶百道,高新宝龙广场,74,1.8,9.0,0.4476,4.028,3.214,1.2535,,Y
爷爷不泡茶NOYEYENOTEA(宁波世纪东方店),爷爷不泡茶,银泰百货(宁波江东店),9,2.0,6.0,0.6196,3.718,3.718,,,
霸王茶姬(浙江宁波鄞州乐橙广场店),霸王茶姬,乐橙荟,72,2.0,9.8,0.3254,3.189,3.603,0.885,,Y
古茗(藏珑店),古茗,高新宝龙广场,745,2.2,5.6,0.9686,5.424,3.214,1.6878,,Y
爷爷不泡茶NOYEYENOTEA(宁波鄞州乐橙荟店),爷爷不泡茶,乐橙荟,72,2.0,9.8,0.3175,3.111,3.603,0.8634,,Y
CoCo都可(世纪东方店),CoCo,世纪东方广场,67,1.8,5.2,0.5073,2.638,2.638,1.0,,Y
luckin coffee 瑞幸咖啡(乐橙荟店),瑞幸,乐橙荟,71,2.2,9.8,0.3852,3.775,3.603,1.0477,,Y
沪上阿姨·精选茶饮(宁波乐橙荟店),沪上阿姨,乐橙荟,43,1.8,9.8,0.4426,4.337,3.603,1.2037,,Y
LINLEE·手打柠檬茶(乐橙荟店),LINLEE,乐橙荟,17,1.5,9.8,0.4674,4.58,3.603,1.2711,,Y
7分甜(宁波鄞州世纪东方店),7分甜,世纪东方广场,34,1.5,6.0,0.3413,2.048,2.638,0.7763,,Y
CHAGEE霸王茶姬(宁波鄞州世纪东方广场店),霸王茶姬,世纪东方广场,61,2.0,6.0,0.4768,2.861,2.638,1.0843,,Y
茶百道(世纪东方店),茶百道,世纪东方广场,46,1.8,6.0,0.3704,2.222,2.638,0.8424,,Y
luckin coffee 瑞幸咖啡(世纪东方广场店),瑞幸,世纪东方广场,33,2.2,6.0,0.4241,2.545,2.638,0.9646,,Y
CoCo都可(扬帆店),CoCo,高新宝龙广场,762,1.8,5.6,0.8099,4.535,3.214,1.4113,,Y
蜜雪冰城(福明路华光城店),蜜雪冰城,瑞市明凤商场,331,2.5,3.0,0.7101,2.13,3.344,0.6371,,Y
茶百道(宁波鄞州宏泰广场店),茶百道,幸福里主题商业街区,951,1.8,11.2,0.8323,9.321,5.901,,,
瑞幸咖啡(上东商务中心2号楼店),瑞幸,瑞市明凤商场,480,2.2,5.0,1.0,5.0,3.344,1.4953,,Y
古茗(鄞州华光城店),古茗,世纪东方广场,304,2.2,4.6,0.7486,3.444,2.638,1.3053,,Y
瑞幸咖啡(银晨国际商务中心店),瑞幸,泰富广场,518,2.2,4.0,1.0,4.0,2.053,,,
1点点(宁波研发园店),一点点,高新宝龙广场,882,1.6,2.4,0.8368,2.008,3.214,,Y,
茶百道(宏泰广场店)(暂停营业),茶百道,宏泰广场购物中心,53,1.8,8.0,0.2633,2.106,2.351,0.8957,,Y
LINLEE·手打柠檬茶(高新宝龙广场店)(暂停营业),LINLEE,高新宝龙广场,64,1.5,8.2,0.4458,3.656,3.214,1.1375,,Y
古茗(鄞州颐景园店),古茗,乐橙荟,620,2.2,5.6,0.5506,3.083,3.603,0.8557,,Y
蜜雪冰城(潘火路颐景园二期店),蜜雪冰城,乐橙荟,625,2.5,5.6,0.6127,3.431,3.603,0.9523,,Y
益禾堂(宁波鄞州华光城店),益禾堂,瑞市明凤商场,290,1.7,3.0,0.5945,1.783,3.344,0.5333,,Y
古茗(鄞州潘火街道店),古茗,方圆中心,192,2.2,6.6,0.9064,5.982,5.747,,,
古茗(鄞州港隆广场店),古茗,港隆广场,30,2.2,6.8,0.6183,4.204,4.204,,,
蜜雪冰城(泰富广场店),蜜雪冰城,泰富广场,189,2.5,3.4,0.7828,2.662,2.053,,,
古茗(百丈东路东柳店),古茗,瑞市明凤商场,465,2.2,4.2,0.9495,3.988,3.344,1.1925,,Y
蜜雪冰城(港隆广场内9号楼124号),蜜雪冰城,港隆广场,44,2.5,6.8,0.7446,5.063,4.204,,,
古茗(安居幸福苑2期店),古茗,泰富广场,241,2.2,2.6,0.5556,1.444,2.053,,,
喜茶(宁波鄞州龙湖店),喜茶,龙湖宁波鄞州天街,77,2.0,2.6,0.3839,0.998,1.081,0.9235,,Y
茶百道(宁波鄞州龙湖天曜城店),茶百道,龙湖宁波鄞州天街,44,1.8,3.4,0.3192,1.085,1.081,1.004,,Y
1点点(港隆广场店),一点点,港隆广场,56,1.6,6.8,0.525,3.57,4.204,,,
茉酸奶(龙湖宁波鄞州天街店),茉酸奶,龙湖宁波鄞州天街,65,1.6,3.4,0.1948,0.662,1.081,0.6127,,Y
luckin coffee 瑞幸咖啡(恒富大厦店),瑞幸,瑞市明凤商场,113,2.2,3.4,0.8975,3.052,3.344,0.9126,,Y
沪上阿姨·精选茶饮(宁波鄞州泰富广场店),沪上阿姨,泰富广场,261,1.8,2.6,0.5325,1.385,2.053,,,
1点点(方圆中心店),一点点,方圆中心,49,1.6,6.6,0.8938,5.899,5.747,,,
1点点(东柳店),一点点,瑞市明凤商场,243,1.6,4.2,0.8658,3.636,3.344,1.0874,,Y
古茗(鄞州智慧园店),古茗,迪信通E10广场,95,2.2,1.8,0.6659,1.199,1.805,,,
古茗(鄞州天街负一楼店),古茗,龙湖宁波鄞州天街,62,2.2,3.4,0.3179,1.081,1.081,1.0,,Y
宝圆圆现炒珍珠奶茶(鄞州龙湖天街店),宝圆圆,龙湖宁波鄞州天街,82,1.3,3.4,0.1896,0.645,1.081,0.5965,,Y
CoCo都可(龙湖宁波鄞州天街店),CoCo,龙湖宁波鄞州天街,57,1.8,4.2,0.3489,1.465,1.081,1.356,,Y
古茗(鄞州世纪东方店),古茗,世纪东方广场,44,2.2,6.8,0.4845,3.294,2.638,1.2487,,Y
古茗(鄞州世纪东方店),古茗,天伦时代广场,128,2.2,5.2,0.876,4.555,4.555,,,
LINLEE林里·手打柠檬茶(鄞州龙湖天街店),LINLEE,龙湖宁波鄞州天街,48,1.5,3.4,0.2185,0.743,1.081,0.6873,,Y
1点点,一点点,龙湖宁波鄞州天街,60,1.6,3.4,0.3004,1.021,1.081,0.945,,Y
蜜雪冰城(童王菜场店),蜜雪冰城,方圆中心,232,2.5,2.6,0.9703,2.523,5.747,,Y,
luckin coffee 瑞幸咖啡(东方商务中心店),瑞幸,现代百货广场,342,2.2,5.8,0.9926,5.757,5.757,,,
蜜雪冰城(鄞州龙湖天街店),蜜雪冰城,龙湖宁波鄞州天街,62,2.5,3.4,0.3462,1.177,1.081,1.0892,,Y
春莱ChunLai泰式奶茶(龙湖天街铂金岛店),春莱,龙湖宁波鄞州天街,29,1.4,4.2,0.2612,1.097,1.081,1.015,,Y
蜜雪冰城(深蓝公寓店),蜜雪冰城,迪信通E10广场,104,2.5,2.6,0.7177,1.866,1.805,,,
蜜雪冰城(宁波华侨城店),蜜雪冰城,鄞峰商场,889,2.5,4.0,0.9224,3.69,2.481,,,
古茗(宁波华侨城店),古茗,鄞峰商场,691,2.2,3.2,0.5575,1.784,2.481,,,
瑞幸咖啡(明晨大厦店),瑞幸,龙湖宁波鄞州天街,282,2.2,5.0,0.7782,3.891,1.081,3.6002,,Y
瑞幸咖啡(华侨城·明珠阁店),瑞幸,鄞峰商场,701,2.2,3.2,0.5574,1.784,2.481,,,
luckin coffee 瑞幸咖啡(宁兴·天润商座店),瑞幸,鄞峰商场,406,2.2,3.4,0.9346,3.178,2.481,,,
古茗(鄞州明楼朝晖路),古茗,惊驾路特色美食街,188,2.2,5.4,0.4295,2.319,2.39,,,
蜜雪冰城(宁波鄞州朝晖路店),蜜雪冰城,惊驾路特色美食街,193,2.5,5.4,0.4558,2.461,2.39,,,
春莱·老挝冰咖啡·泰式奶茶(方圆中心店),春莱,方圆中心,297,1.4,6.6,0.8477,5.595,5.747,,,
喜茶(宁波儿童公园店),喜茶,万悦集,27,2.0,1.2,0.4752,0.57,0.477,,,
茶百道(儿童公园店),茶百道,万悦集,19,1.8,1.2,0.3522,0.423,0.477,,,
CHAGEE霸王茶姬(万悦集店),霸王茶姬,万悦集,15,2.0,1.2,0.3695,0.443,0.477,,,
瑞幸咖啡新材料(国际)创新中心A区,瑞幸,迪信通E10广场,438,2.2,1.8,0.9691,1.744,1.805,,Y,
古茗(鄞州儿童公园店),古茗,万悦集,0,2.2,1.2,0.4254,0.51,0.477,,,
1点点(朝晖店),一点点,惊驾路特色美食街,190,1.6,5.4,0.291,1.571,2.39,,,
CHAGEE霸王茶姬(浙江宁波鄞州金沙码头奥莱公园店),霸王茶姬,奥特莱斯体验街区(金沙码头奥莱公园店),15,2.0,1.2,0.6824,0.819,0.648,,,
古茗(鄞州区梅景路),古茗,奥特莱斯体验街区(金沙码头奥莱公园店),638,2.2,0.8,0.5335,0.427,0.648,,,
蜜雪冰城(金沙奥莱店),蜜雪冰城,奥特莱斯体验街区(金沙码头奥莱公园店),35,2.5,1.2,0.7759,0.931,0.648,,,
CoCo都可(颐高数码店),CoCo,惊驾路特色美食街,310,1.8,5.4,0.7517,4.059,2.39,,,
1点点(宁波智慧园店),一点点,迪信通E10广场,343,1.6,2.6,0.9144,2.377,1.805,,Y,
蜜雪冰城(梅景路店),蜜雪冰城,奥特莱斯体验街区(金沙码头奥莱公园店),634,2.5,0.8,0.5963,0.477,0.648,,,
CoCo都可(鄞州花园里店),CoCo,宁波鄞州花园里,179,1.8,5.0,0.9734,4.867,4.991,,,
爷爷不泡茶NOYEYENOTEA(宁波鄞州k11店),爷爷不泡茶,THE PARK by K11 Select购物艺术中心,28,2.0,3.6,0.8276,2.979,3.5,,,
蜜雪冰城(宁波大学云创店),蜜雪冰城,云创1986青年小镇,69,2.5,2.0,0.7519,1.504,0.931,,,
奈雪的茶(宁波天一广场),奈雪,天一广场步行街,60,1.8,27.8,0.3757,10.445,9.999,,,
古茗(鄞州人民医院店),古茗,宁波鄞州花园里,426,2.2,5.2,0.9835,5.114,4.991,,,
茉莉奶白(宁波天一广场店),茉莉奶白,酷购商城B馆,146,1.5,28.2,0.3551,10.015,10.015,,,
茶百道(宁波天一广场店),茶百道,银泰百货(宁波东门店),194,1.8,14.8,0.7321,10.836,10.836,,,
喜茶(宁波印象城店),喜茶,宁波鄞州印象城,42,2.0,2.6,0.5445,1.416,1.104,1.2823,,Y
茉莉奶白(THE PARK by K11 Select购物艺术中心店),茉莉奶白,THE PARK by K11 Select购物艺术中心,113,1.5,5.2,0.7724,4.017,3.5,,,
CHAGEE霸王茶姬(宁波鄞州K11店),霸王茶姬,THE PARK by K11 Select购物艺术中心,150,2.0,4.4,0.7956,3.5,3.5,,,
古茗(海曙东鼓道二店),古茗,东鼓道地下商业街B1-45-1B,7,2.2,17.2,0.6889,11.848,11.848,,,
蜜雪冰城(东裕店),蜜雪冰城,十里街区夜市街,15,2.5,1.6,1.0,1.6,1.6,,Y,
古茗(江北宁波大学店),古茗,云创1986青年小镇,42,2.2,2.0,0.4673,0.935,0.931,,,
蜜雪冰城(天一广场店),蜜雪冰城,天一广场步行街,71,2.5,28.2,0.4736,13.357,9.999,,,
霸王茶姬(鄞州印象城店),霸王茶姬,宁波鄞州印象城,69,2.0,2.8,0.3943,1.104,1.104,1.0,,Y
茉酸奶(宁波鄞州印象城店),茉酸奶,宁波鄞州印象城,63,1.6,2.8,0.356,0.997,1.104,0.9029,,Y
蜜雪冰城(宁波鄞州印象城店),蜜雪冰城,宁波鄞州印象城,120,2.5,4.2,0.7411,3.113,1.104,2.8196,,Y
古茗(天一广场店),古茗,宁波天一广场,107,2.2,25.0,0.5033,12.583,12.583,,,
CoCo都可(宁波鄞州印象城店),CoCo,宁波鄞州印象城,80,1.8,2.6,0.3815,0.992,1.104,0.8986,,Y
茶百道(宁波江北宁大云创店),茶百道,云创1986青年小镇,47,1.8,2.0,0.3999,0.8,0.931,,,
MoreYogurt茉酸奶(宁波天一广场店),茉酸奶,天一广场步行街,92,1.6,27.0,0.3538,9.554,9.999,,,
益禾堂(宁波大学云创店),益禾堂,云创1986青年小镇,46,1.7,2.0,0.464,0.928,0.931,,,
喜茶(宁波天一悦沢店),喜茶,银泰百货(宁波天一店),127,2.0,21.0,0.5151,10.818,10.818,,,
沪上阿姨·精选茶饮(宁波北仑春晓店),沪上阿姨,宁波龙湖滟澜星街商业步行街,205,1.8,1.0,1.0,1.0,1.0,,Y,
沪上阿姨·精选茶饮(宁波海曙联丰路店),沪上阿姨,甬南食品商场(联丰店),433,1.8,3.6,1.0,3.6,3.6,,,
沪上阿姨·精选茶饮(宁波石碶北路店),沪上阿姨,洛兹商业广场,385,1.8,2.6,0.9392,2.442,2.509,,Y,
沪上阿姨·精选茶饮(宁波鄞州宁南北路店),沪上阿姨,聚亿商业中心,188,1.8,4.4,1.0,4.4,4.4,,,
沪上阿姨·精选茶饮(宁波鄞州横溪店),沪上阿姨,鄞南商业广场,545,1.8,0.8,1.0,0.8,0.8,,Y,
沪上阿姨·精选茶饮(宁波宁海上下桥店),沪上阿姨,宁海桃源广场,906,1.8,0.8,1.0,0.8,0.8,,Y,
沪上阿姨·精选茶饮(宁波慈溪掌起店),沪上阿姨,七彩商业广场,213,1.8,0.2,1.0,0.2,0.2,,Y,
城隍庙店(蜜雪冰城),蜜雪冰城,城隍庙商业步行街,26,2.5,18.8,0.6254,11.757,10.956,,,
古茗(宁波鼓楼2店),古茗,鼓楼步行街商城,97,2.2,13.6,0.7201,9.793,8.82,,,
麦记牛奶(宁波天一广场店),麦记牛奶,天一广场步行街,117,1.4,25.0,0.3633,9.083,9.999,,,
茶百道(海曙开明街店),茶百道,酷购商城B馆,124,1.8,29.0,0.3563,10.332,10.015,,,
茶百道(城隍庙店),茶百道,城隍庙商业步行街,56,1.8,17.6,0.6225,10.956,10.956,,,
古茗(南部商务区一店),古茗,红泰食品商场(宁波南部商务区店),30,2.2,85.4,0.3927,33.536,29.038,1.1549,,Y
CoCo都可(海曙鼓楼店),CoCo,鼓楼步行街商城,66,1.8,11.8,0.665,7.847,8.82,,,
古茗(海曙南塘老街店),古茗,南塘老街,179,2.2,1.0,0.7039,0.704,0.742,,,
CoCo都可(大来店),CoCo,莱迪数码时尚广场,64,1.8,20.6,0.6049,12.461,12.461,,,
LINLEE·手打柠檬茶(海曙天一广场店),LINLEE,国际购物中心,137,1.5,26.6,0.4626,12.306,12.306,,,
麦记牛奶(鄞州万达广场店),麦记牛奶,万达广场(宁波鄞州店),130,1.4,4.2,0.5631,2.365,4.098,,,
春莱chunlai泰式奶茶(D-G Line 东鼓道店),春莱,D-G Line 东鼓道,114,1.4,21.8,0.4503,9.817,9.817,,,
古茗(海曙城隍庙店),古茗,城隍庙商业步行街,39,2.2,18.0,0.5523,9.942,10.956,,,
古茗(海曙青林湾店),古茗,21码头商业街(二十一码头店),167,2.2,1.8,0.5949,1.071,0.982,,,
奈雪的茶(宁波鄞州万达PRO店),奈雪,万达广场(宁波鄞州店),37,1.8,7.4,0.6061,4.485,4.098,,,
CoCo都可(翠柏店),CoCo,高塘商场(西湾店),481,1.8,5.8,0.6144,3.563,3.816,,,
古茗(海曙区翠柏路店),古茗,高塘商场(西湾店),480,2.2,5.8,0.7016,4.069,3.816,,,
古茗(东钱湖东街店),古茗,钱湖邻里中心,872,2.2,1.6,1.0,1.6,1.6,,Y,
古茗(海曙粮丰街店),古茗,龙湖宁波海曙天街,487,2.2,3.4,0.9936,3.378,3.378,,,
古茗(江北洪塘中路店),古茗,新海德广场,609,2.2,0.8,1.0,0.8,0.8,,Y,
CoCo都可(南部商务区店),CoCo,红泰食品商场(宁波南部商务区店),90,1.8,73.0,0.2983,21.779,29.038,0.75,,Y
CoCo都可(宁波奥特莱斯店),CoCo,杉井奥特莱斯广场·宁波-IP Station,74,1.8,0.4,0.866,0.346,0.346,,Y,
蜜雪冰城(环球银泰店),蜜雪冰城,宁波环球银泰百货,10,2.5,37.2,0.3891,14.476,12.536,1.1548,,Y
古茗(海曙柳汀街店),古茗,宁波复悦城,158,2.2,3.0,0.8992,2.697,3.107,,,
CoCo都可(高鑫广场店),CoCo,高鑫广场,28,1.8,0.6,0.7298,0.438,0.46,,,
古茗(宁波万象城店),古茗,宁波万象城,135,2.2,2.8,0.9118,2.553,2.453,,Y,
麦记牛奶(宁波万象城店),麦记牛奶,宁波万象城,209,1.4,2.8,0.8402,2.353,2.453,,Y,
古茗(海曙大梁街店),古茗,新街商城(开明街店),130,2.2,29.8,0.3848,11.468,10.208,,,
古茗(江北北海南路店),古茗,万达百货(宁波江北店),794,2.2,2.4,1.0,2.4,2.4,,Y,
茶百道(宁波海曙南塘老街店),茶百道,南塘老街,155,1.8,1.8,0.8693,1.565,0.742,,Y,
宝圆圆·现炒珍珠奶茶(宁波城隍庙店),宝圆圆,城隍商城(县学街),5,1.3,23.8,0.6097,14.51,14.51,,,
奈雪的茶(宁波北仑富邦PRO店),奈雪,富邦世纪广场D区,63,1.8,2.8,0.827,2.315,2.355,,Y,
蜜雪冰城(南塘老街店),蜜雪冰城,南塘老街,145,2.5,1.0,0.7415,0.742,0.742,,,
古茗(海曙洛兹广场店),古茗,洛兹商业广场,144,2.2,3.6,0.7736,2.785,2.509,,,
古茗(鄞州首南句章路),古茗,阿福食品商场(环球城店),156,2.2,38.0,0.4525,17.194,16.389,,,
茶百道(宁波江北万达店),茶百道,万达广场(宁波江北店),112,1.8,4.0,0.4055,1.622,1.919,,,
古茗(宁波江北来福士4F店),古茗,宁波来福士广场,62,2.2,3.6,0.8073,2.906,2.906,,,
茶百道(北仑银泰店),茶百道,银泰城一期,54,1.8,1.6,0.8862,1.418,1.418,,Y,
古茗(宁波外滩店),古茗,外滩步行街,67,2.2,3.6,0.9534,3.432,2.676,,,
宝圆圆·现炒珍珠奶茶(西子国际店),宝圆圆,西子国际购物中心,58,1.3,0.6,1.0,0.6,0.6,,Y,
古茗(象山石浦三店),古茗,戴维钻石商业广场,427,2.2,0.2,0.9906,0.198,1.09,,Y,
沪上阿姨·精选茶饮(宁波海曙天一大梁街店),沪上阿姨,新街商城(开明街店),131,1.8,28.8,0.3107,8.947,10.208,,,
古茗(海曙阳光丽园店),古茗,银亿·都会广场,466,2.2,1.0,1.0,1.0,1.0,,Y,
古茗(海曙印象城店),古茗,宁波海曙印象城,89,2.2,0.2,0.8356,0.167,0.167,,Y,
古茗(象山南屏路店),古茗,戴维钻石商业广场,147,2.2,2.0,0.9906,1.981,1.09,,Y,
古茗(鄞州宝龙店),古茗,宁波鄞州宝龙广场,99,2.2,3.4,0.7621,2.591,2.591,,,
蜜雪冰城(联盛广场店),蜜雪冰城,联盛广场B区,21,2.5,2.6,0.9551,2.483,2.483,,Y,
沪上阿姨·精选茶饮(宁波鄞州万达店),沪上阿姨,银泰百货(宁波鄞州店),115,1.8,6.6,0.8239,5.438,5.438,,,
麦记牛奶(宁波万象汇店),麦记牛奶,宁波万象汇,81,1.4,4.2,0.4915,2.064,2.064,,,
蜜雪冰城(江北万达金街店),蜜雪冰城,万达广场(宁波江北店),109,2.5,4.0,0.554,2.216,1.919,,,
古茗(江北天水广场店),古茗,天华世纪城,52,2.2,2.0,1.0,2.0,2.0,,Y,
蜜雪冰城(学府一号商业街内街C栋85号),蜜雪冰城,学府商业街,146,2.5,3.4,0.986,3.352,3.352,,,
古茗(高鑫广场店),古茗,高鑫广场,33,2.2,0.6,0.8039,0.482,0.46,,Y,
茶百道(青林湾店),茶百道,21码头商业街(二十一码头店),168,1.8,1.8,0.4961,0.893,0.982,,,
古茗(北仑高河塘店),古茗,印乐集(宁波北仑店),650,2.2,0.8,1.0,0.8,0.8,,Y,
CoCo都可(镇海吾悦广场店),CoCo,吾悦广场(宁波镇海店),29,1.8,2.0,0.6927,1.385,1.464,,,
蜜雪冰城(南部商务区水街店),蜜雪冰城,红泰食品商场(宁波南部商务区店),19,2.5,84.6,0.4382,37.073,29.038,1.2767,,Y
茶百道(宁波鄞州南商店),茶百道,物优家宁波旗舰中心(泰康中路店),126,1.8,57.8,0.4804,27.77,32.732,,,
茶百道(宁波海曙洛兹广场店),茶百道,洛兹商业广场,153,1.8,3.6,0.6969,2.509,2.509,,,
茶百道(宁波鄞州万达广场店),茶百道,万达广场(宁波鄞州店),0,1.8,6.6,0.6208,4.098,4.098,,,
CoCo都可(上林坊新店),CoCo,慈溪上林坊美食街,21,1.8,5.4,0.978,5.281,5.281,,,
古茗(镇海吾悦广场外街店),古茗,吾悦广场(宁波镇海店),10,2.2,2.0,0.7711,1.542,1.464,,,
蜜雪冰城(玛瑙大厦店),蜜雪冰城,外滩步行街,224,2.5,2.0,0.96,1.92,2.676,,Y,
蜜雪冰城(集士港店),蜜雪冰城,杉井奥特莱斯广场·宁波,249,2.5,0.4,0.6372,0.255,0.243,,,
古茗(集士港香雪路店),古茗,杉井奥特莱斯广场·宁波,239,2.2,0.4,0.5775,0.231,0.243,,,
古茗(鄞州王隘路店),古茗,华严步行街(晶华名园店),346,2.2,0.2,1.0,0.2,0.2,,Y,
古茗(奉化武岭广场店),古茗,武岭商业广场,41,2.2,1.0,0.8242,0.824,0.824,,Y,
CoCo都可(富邦城店),CoCo,富邦世纪广场D区,57,1.8,2.8,0.8551,2.394,2.355,,Y,
古茗(海曙月湖盛园店),古茗,月湖·盛园,282,2.2,9.2,0.9823,9.037,9.037,,,
麦记牛奶(宁波复悦城店),麦记牛奶,宁波复悦城,86,1.4,3.8,0.9251,3.516,3.107,,,
LINLEE·手打柠檬茶(海曙天一广场2店),LINLEE,酷购商城B馆,109,1.5,28.2,0.322,9.079,10.015,,,
古茗(镇海招宝广场店),古茗,维科招宝广场,41,2.2,3.0,1.0,3.0,3.0,,,
蜜雪冰城(翠柏路大卿桥地铁口旁),蜜雪冰城,高塘商场(马园店),587,2.5,8.8,0.9743,8.574,8.574,,,
古茗(慈溪吾悦店),古茗,吾悦广场(慈溪店),22,2.2,0.6,1.0,0.6,0.6,,Y,
宝圆圆·现炒珍珠奶茶(桃源南路店),宝圆圆,气象路步行街(气象南路),358,1.3,1.0,1.0,1.0,1.0,,Y,
古茗(鹿城新城大道店),古茗,7进口商城(宏源锦园店),386,2.2,29.0,0.7492,21.726,7.553,2.8766,,Y
沪上阿姨·精选茶饮(温州鹿城新城大道店),沪上阿姨,7进口商城(宏源锦园店),353,1.8,28.2,0.6678,18.833,7.553,2.4935,,Y
瑞幸咖啡(南国大厦店),瑞幸,小坝坊·慢生活音乐文化创意街区,845,2.2,18.4,0.7476,13.756,10.441,1.3175,,Y
CHAGEE霸王茶姬(浙江温州印象城店),霸王茶姬,温州印象城MEGA,56,2.0,13.2,0.2084,2.751,2.78,0.9897,,Y
LINLEE林里柠檬茶温州印象城店,LINLEE,温州印象城MEGA,117,1.5,12.4,0.2803,3.476,2.78,1.2505,,Y
古茗(鹿城南国大厦店),古茗,小坝坊·慢生活音乐文化创意街区,838,2.2,15.2,0.7436,11.303,10.441,1.0826,,Y
1点点,一点点,温州印象城MEGA,81,1.6,12.4,0.1639,2.032,2.78,0.731,,Y
裕莲茶楼(温州印象城MEGA店),裕莲茶楼,温州印象城MEGA,27,1.5,12.4,0.1801,2.234,2.78,0.8036,,Y
古茗(鹿城白麓里店),古茗,新希望白麓里商业街,67,2.2,20.2,0.6502,13.135,9.464,,,
蜜雪冰城(印象城旁正对6号门),蜜雪冰城,温州印象城MEGA,50,2.5,11.6,0.4504,5.224,2.78,1.8794,,Y
茶百道(温州新城清源路店),茶百道,7进口商城(宏源锦园店),83,1.8,18.6,0.3563,6.628,7.553,0.8776,,Y
瑞幸咖啡(印象城6号门市集店),瑞幸,温州印象城MEGA,17,2.2,12.4,0.273,3.385,2.78,1.2178,,Y
霸王茶姬(浙江温州鹿城时代广场店),霸王茶姬,时代广场购物中心(车站大道店),66,2.0,15.2,0.3989,6.064,6.24,0.9718,,Y
古茗(温州印象城B1楼店),古茗,温州印象城MEGA,85,2.2,12.4,0.227,2.814,2.78,1.0125,,Y
蜜雪冰城(清源路店),蜜雪冰城,7进口商城(宏源锦园店),67,2.5,17.0,0.4443,7.553,7.553,1.0,,Y
春莱(温州印象城店),春莱,温州印象城MEGA,26,1.4,12.4,0.1865,2.312,2.78,0.8317,,Y
沪上阿姨·精选茶饮(温州印象城MEGE店),沪上阿姨,温州印象城MEGA,69,1.8,13.2,0.2106,2.78,2.78,1.0,,Y
爷爷不泡茶NOYEYENOTEA(温州鹿城龙华大厦店),爷爷不泡茶,时代广场购物中心(车站大道店),148,2.0,16.0,0.391,6.256,6.24,1.0025,,Y
霸王茶姬,霸王茶姬,新希望白麓里商业街,69,2.0,20.2,0.6057,12.236,9.464,,,
古茗(温州印象城5楼店),古茗,温州印象城MEGA,88,2.2,12.4,0.2418,2.999,2.78,1.0788,,Y
蜜雪冰城(上陡门住宅区九组团店),蜜雪冰城,小坝坊·慢生活音乐文化创意街区,632,2.5,13.6,0.9385,12.764,10.441,1.2225,,Y
1点点(清源路店),一点点,7进口商城(宏源锦园店),66,1.6,17.8,0.2801,4.986,7.553,0.6602,,Y
喜茶(温州时代广场店),喜茶,时代广场购物中心(车站大道店),33,2.0,14.4,0.5724,8.242,6.24,1.321,,Y
沪上阿姨·精选茶饮(温州鹿城时代广场店),沪上阿姨,恒隆广场,97,1.8,18.4,0.3705,6.816,4.652,1.4652,,Y
茉莉奶白(时代广场公寓店),茉莉奶白,时代广场购物中心(车站大道店),77,1.5,15.2,0.2978,4.526,6.24,0.7254,,Y
古茗(鹿城清源路店),古茗,7进口商城(宏源锦园店),73,2.2,17.8,0.3626,6.455,7.553,0.8547,,Y
蜜雪冰城(学院中路人才大厦斜对面138号),蜜雪冰城,小坝坊·慢生活音乐文化创意街区,711,2.5,14.4,0.6652,9.579,10.441,0.9174,,Y
茉酸奶( 温州鹿城南洋新村店 ),茉酸奶,恒隆广场,57,1.6,20.0,0.2269,4.537,4.652,0.9753,,Y
1点点(学院中路店),一点点,小坝坊·慢生活音乐文化创意街区,659,1.6,14.4,0.5052,7.275,10.441,0.6968,,Y
luckin coffee 瑞幸咖啡(华昌商寓店),瑞幸,时代广场购物中心(车站大道店),152,2.2,16.0,0.389,6.224,6.24,0.9975,,Y
古茗(鹿城学院中路店),古茗,小坝坊·慢生活音乐文化创意街区,682,2.2,14.4,0.5623,8.097,10.441,0.7755,,Y
蜜雪冰城(时代店),蜜雪冰城,时代广场购物中心(车站大道店),123,2.5,15.2,0.4259,6.474,6.24,1.0376,,Y
1点点(温迪路店),一点点,恒隆广场,333,1.6,15.8,0.7603,12.013,4.652,2.5822,,Y
古茗(恒隆店),古茗,恒隆广场,56,2.2,20.0,0.3104,6.208,4.652,1.3344,,Y
蜜雪冰城(恒隆店南洋新村10-11幢115号),蜜雪冰城,恒隆广场,55,2.5,20.0,0.3548,7.096,4.652,1.5253,,Y
茶百道(温州家景新店),茶百道,富得宝商业广场,533,1.8,3.2,0.4581,1.466,1.497,,,
古茗(龙湾巨龙大厦店),古茗,新希望白麓里商业街,563,2.2,8.0,0.8077,6.462,9.464,,,
蜜雪冰城(人和嘉园店),蜜雪冰城,火车站地下商城,292,2.5,8.0,0.782,6.256,6.735,,,
luckin coffee 瑞幸咖啡(春晖组团店),瑞幸,恒隆广场,664,2.2,7.2,0.5926,4.267,4.652,0.9171,,Y
古茗(鹿城春晖路店),古茗,恒隆广场,624,2.2,8.8,0.4812,4.235,4.652,0.9103,,Y
蜜雪冰城(下吕浦春晖路164号店),蜜雪冰城,恒隆广场,627,2.5,8.0,0.5432,4.345,4.652,0.934,,Y
古茗(鹿城站前店),古茗,火车站地下商城,248,2.2,9.8,0.7362,7.214,6.735,,,
蜜雪冰城(楠溪江路店),蜜雪冰城,富得宝商业广场,520,2.5,2.4,0.6238,1.497,1.497,,,
益禾堂(温州洞头工贸职业技术学院店),益禾堂,7进口商城(宏源锦园店),856,1.7,21.6,1.0,21.6,7.553,2.8599,,Y
茶百道(温州火车站店),茶百道,第一商业街地下商城,40,1.8,7.6,0.3988,3.031,2.924,1.0366,,Y
luckin coffee 瑞幸咖啡(下吕浦2区店),瑞幸,恒隆广场,688,2.2,7.2,0.6621,4.767,4.652,1.0247,,Y
古茗(龙湾楠溪江路店),古茗,富得宝商业广场,561,2.2,3.2,0.6359,2.035,1.497,,,
蜜雪冰城(括苍西路店),蜜雪冰城,新希望白麓里商业街,628,2.5,8.0,0.8366,6.693,9.464,,,
喜茶(温州新城吾悦广场店),喜茶,吾悦广场(温州店),46,2.0,6.8,0.4498,3.059,2.312,1.3229,,Y
luckin coffee 瑞幸咖啡(温州安泰大厦店),瑞幸,温州大道第一商业街,926,2.2,6.4,0.8684,5.558,5.558,,,
古茗(鹿城温迪路店),古茗,恒隆广场,660,2.2,5.6,0.6605,3.699,4.652,0.795,,Y
蜜雪冰城(黄屿店德信爱琴海岸北苑东门对面),蜜雪冰城,宏地壹品广场,126,2.5,3.4,0.6582,2.238,2.142,,,
霸王茶姬(温州吾悦广场店),霸王茶姬,吾悦广场(温州店),12,2.0,6.8,0.3369,2.291,2.312,0.9907,,Y
茉莉奶白(温州龙湾吾悦广场店),茉莉奶白,吾悦广场(温州店),137,1.5,7.8,0.2992,2.334,2.312,1.0093,,Y
1点点(东建大厦店),一点点,第一商业街地下商城,19,1.6,7.6,0.2497,1.898,2.924,0.6491,,Y
luckin coffee 瑞幸咖啡(东建大厦店),瑞幸,第一商业街地下商城,15,2.2,7.6,0.3431,2.607,2.924,0.8918,,Y
古茗(鹿城鱼鳞浃店),古茗,金宇服装商场,159,2.2,8.4,0.8496,7.136,7.136,,,
蜜雪冰城(火车站店),蜜雪冰城,第一商业街地下商城,19,2.5,7.6,0.5032,3.824,2.924,1.3079,,Y
LELECHA乐乐茶(龙湾吾悦广场店),乐乐茶,吾悦广场(温州店),0,1.6,6.8,0.2671,1.816,2.312,0.7854,,Y
古茗(瓯海宏地壹品店),古茗,宏地壹品广场,132,2.2,3.4,0.6017,2.046,2.142,,,
蜜雪冰城(柳园小区店),蜜雪冰城,新南站商城,715,2.5,5.6,0.9493,5.316,3.53,,,
益禾堂(温州龙湾吾悦广场店),益禾堂,吾悦广场(温州店),28,1.7,6.8,0.2956,2.01,2.312,0.8695,,Y
1点点(温州吾悦广场4楼店),一点点,吾悦广场(温州店),48,1.6,6.8,0.2956,2.01,2.312,0.8694,,Y
古茗(鹿城大城商厦店),古茗,双井坊街区,492,2.2,7.4,1.0,7.4,4.747,,,
蜜雪冰城(温州吾悦广场店),蜜雪冰城,白鹿印巷步行街北(温州吾悦广场店),63,2.5,6.8,0.6246,4.247,4.247,,,
沪上阿姨·精选茶饮(温州龙湾吾悦店),沪上阿姨,吾悦广场(温州店),185,1.8,6.2,0.5563,3.449,2.312,1.4916,,Y
1点点(温州吾悦白鹿印象店),一点点,白鹿印巷步行街北(温州吾悦广场店),86,1.6,6.8,0.4265,2.9,4.247,,,
luckin coffee 瑞幸咖啡(新世纪商务大厦店),瑞幸,白鹿印巷步行街北(温州吾悦广场店),155,2.2,9.2,0.8234,7.575,4.247,,,
古茗(新南站店),古茗,第一商业街地下商城,32,2.2,7.6,0.3847,2.924,2.924,1.0,,Y
古茗(温州新城吾悦店),古茗,吾悦广场(温州店),134,2.2,7.8,0.4299,3.353,2.312,1.4501,,Y
古茗(瓯海南瓯店),古茗,站前商厦,928,2.2,4.8,1.0,4.8,4.8,,,
古茗(鹿城锦绣路店),古茗,南塘步行街,372,2.2,2.0,0.9165,1.833,1.592,,Y,
古茗(鹿城龟湖路店),古茗,南塘步行街,544,2.2,1.6,0.859,1.374,1.592,,Y,
瑞幸咖啡(民航路店),瑞幸,双井坊街区,541,2.2,1.6,0.8561,1.37,4.747,,Y,
古茗(鹿城学院西路店),古茗,双井坊街区,407,2.2,5.0,0.9495,4.747,4.747,,,
裕莲茶楼(温州滨江万象城店),裕莲茶楼,温州滨江万象城,17,1.5,5.0,0.3195,1.598,1.716,0.9312,,Y
蜜雪冰城(南塘五组团1栋105室),蜜雪冰城,白鹿洲文化商场,354,2.5,2.0,0.6038,1.208,1.147,,,
瑞幸咖啡(温州滨江万象城金街店),瑞幸,温州滨江万象城,186,2.2,4.2,0.6658,2.796,1.716,1.6299,,Y
茉莉奶白(温州滨江万象城店),茉莉奶白,温州滨江万象城,3,1.5,5.0,0.3431,1.716,1.716,1.0,,Y
古茗(鹿城南塘五组团店),古茗,白鹿洲文化商场,348,2.2,2.0,0.5428,1.086,1.147,,,
霸王茶姬(浙江温州滨江万象城店),霸王茶姬,温州滨江万象城,146,2.0,4.2,0.4527,1.902,1.716,1.1083,,Y
Tamkoko泰柯茶园(温州滨江万象城店),Tamkoko泰柯茶园,温州滨江万象城,8,1.2,5.0,0.2643,1.321,1.716,0.7701,,Y
OT另茶(温州滨江万象城店),OT另茶,温州滨江万象城,85,1.4,4.2,0.3503,1.471,1.716,0.8575,,Y
喜茶(温州滨江万象城店),喜茶,温州滨江万象城,113,2.0,4.2,0.4386,1.842,1.716,1.0738,,Y
瑞幸咖啡(温州万科中心店),瑞幸,南塘步行街,105,2.2,2.0,0.7959,1.592,1.592,,,
茉莉奶白(温州鹿城世贸银泰店),茉莉奶白,银泰百货世贸店B馆,8,1.5,9.8,0.1679,1.645,2.403,0.6845,,Y
古茗(鹿城黎明西路店),古茗,华丰电动工具商场(东方大厦店),562,2.2,4.0,1.0,4.0,4.0,,,
古茗(鹿城龙汇广场店),古茗,南塘新天地,623,2.2,3.2,0.7367,2.358,1.873,,,
古茗(鹿城飞霞南路店),古茗,闻宅巷步行街,276,2.2,13.8,0.6038,8.333,7.131,,,
蜜雪冰城(学院西路24h店),蜜雪冰城,闻宅巷步行街,322,2.5,9.8,0.7277,7.131,7.131,,,
茶百道(温州南塘新天地店),茶百道,南塘新天地,30,1.8,2.8,0.8338,2.335,1.873,,Y,
奈雪的茶(温州世贸银泰百货店),奈雪,银泰百货(温州世贸中心大厦店),5,1.8,9.8,0.1931,1.892,1.9,,,
古茗(鹿城银泰世贸店),古茗,银泰百货世贸店B馆,103,2.2,9.8,0.5017,4.917,2.403,2.0457,,Y
蜜雪冰城(泽霞24h店),蜜雪冰城,新南站商城,943,2.5,2.4,0.7263,1.743,3.53,,,
luckin coffee 瑞幸咖啡(银泰百货世贸B馆店),瑞幸,银泰百货世贸店B馆,7,2.2,9.8,0.247,2.42,2.403,1.0071,,Y
1点点(永泰大厦店),一点点,闻宅巷步行街,276,1.6,13.8,0.4589,6.332,7.131,,,
沪上阿姨·精选茶饮(温州鹿城世贸银泰店),沪上阿姨,银泰百货(温州世贸中心大厦店),2,1.8,9.8,0.2136,2.093,1.9,,,
1点点(南塘新天地店),一点点,南塘新天地,59,1.6,1.2,0.8085,0.97,1.873,,Y,
古茗(鹿城欧洲城店),古茗,欧洲城B区,66,2.2,7.0,0.6331,4.432,6.437,,,
霸王茶姬(浙江温州鹿城纱帽河店),霸王茶姬,纱帽河商城,46,2.0,10.2,0.2875,2.932,3.886,0.7545,,Y
霸王茶姬(温州公园路店),霸王茶姬,We+名城广场B馆,271,2.0,6.6,0.5263,3.474,3.585,,,
瑞幸咖啡,瑞幸,南塘新天地,515,2.2,1.6,0.8825,1.412,1.873,,Y,
茶百道(温州鹿城欧洲城店),茶百道,欧洲城B区,293,1.8,9.2,0.9176,8.441,6.437,,,
蜜雪冰城(欧洲城店星巴克咖啡旁边),蜜雪冰城,欧洲城(矮凳桥路),42,2.5,5.4,0.5659,3.056,2.707,,,
喜茶(温州纱帽河店),喜茶,纱帽河商城,39,2.0,12.6,0.3725,4.694,3.886,1.2077,,Y
蜜雪冰城(环球大厦24h店),蜜雪冰城,开太百货,54,2.5,9.6,0.4336,4.163,3.931,,,
1点点(温州世贸中心大厦银泰百货店),一点点,银泰百货世贸店B馆,3,1.6,9.8,0.1877,1.839,2.403,0.7654,,Y
茶百道(温州鹿城欧洲城店),茶百道,欧洲城(矮凳桥路),83,1.8,5.4,0.4366,2.357,2.707,,,
爷爷不泡茶NOYEYENOTEA(温州鹿城纱帽河店),爷爷不泡茶,中荣城市广场(柴桥巷),86,2.0,13.2,0.5411,7.143,7.843,0.9108,,Y
古茗(鹿城纱帽河店),古茗,纱帽河商城,29,2.2,10.2,0.3246,3.311,3.886,0.8519,,Y
茶百道(温州鹿城公园路店),茶百道,We+名城广场(五马步行街店),53,1.8,8.6,0.4609,3.964,3.964,,,
古茗(鹿城解放街店),古茗,纱帽河商城,57,2.2,11.0,0.4056,4.462,3.886,1.1481,,Y
1点点(欧洲城店),一点点,欧洲城C区,58,1.6,4.6,0.4287,1.972,1.972,,,
蜜雪冰城(纱帽河女人街88号颗颗水果捞旁),蜜雪冰城,五马步行街,109,2.5,12.6,0.5465,6.886,6.886,,,
1点点(温州影都大楼店),一点点,纱帽河商城,149,1.6,13.6,0.4977,6.769,3.886,1.7417,,Y
古茗(鹿城人民中路店),古茗,中荣城市广场(柴桥巷),170,2.2,13.0,0.6033,7.843,7.843,1.0,,Y
古茗(温州公园路店),古茗,We+名城广场B馆,179,2.2,7.0,0.6461,4.523,3.585,,,
古茗(人民中路店),古茗,中荣城市广场(柴桥巷),133,2.2,13.2,0.5783,7.633,7.843,0.9733,,Y
古茗(解放街店),古茗,开太百货,48,2.2,9.6,0.3853,3.698,3.931,,,
春莱·老挝冰咖啡·泰式奶茶(温州世贸店),春莱,银泰百货世贸店B馆,33,1.4,9.6,0.2503,2.403,2.403,1.0,,Y
1点点(文华大厦店),一点点,中荣城市广场(柴桥巷),140,1.6,13.2,0.6355,8.388,7.843,1.0695,,Y
益禾堂(温州解放街店),益禾堂,纱帽河商城,55,1.7,10.2,0.2502,2.552,3.886,0.6568,,Y
古茗(鹿城华电新都店),古茗,海港商城,196,2.2,6.6,0.9116,6.016,6.016,,,
奈雪的茶(温州世贸银泰店),奈雪,银泰百货(温州世贸中心大厦店),5,1.8,9.8,0.1939,1.9,1.9,,,
蜜雪冰城(公园路商业街店),蜜雪冰城,We+名城广场B馆,255,2.5,6.8,0.5272,3.585,3.585,,,
古茗(鹿城乘凉桥店),古茗,中荣城市广场(柴桥巷),299,2.2,11.6,0.8321,9.653,7.843,1.2308,,Y
蜜雪冰城(小南路24h店),蜜雪冰城,中荣城市广场(柴桥巷),371,2.5,9.0,0.8936,8.042,7.843,1.0254,,Y
古茗(瓯海万邦中心店),古茗,温州万象城,182,2.2,10.6,0.8764,9.289,7.891,,,
古茗(瓯海银泰店),古茗,银泰百货(温州瓯海店),28,2.2,3.4,0.4713,1.603,1.154,1.3888,,Y
CoCo都可(温州万达广场店),CoCo,温州龙湾万达广场-来电,34,1.8,13.2,0.8684,11.463,11.463,,,
古茗(平阳解放街店),古茗,雅丹数码商场(华厦小区店),106,2.2,2.0,1.0,2.0,1.0,,Y,
古茗奶茶(翔金垟店),古茗,乐联超市(华联大厦店),178,2.2,2.8,0.7532,2.109,1.994,,,
茶百道(温州瑞安吾悦广场店),茶百道,第吾大道步行街(吾悦广场店),16,1.8,3.8,0.7568,2.876,2.992,,,
茶百道(温州龙湾万达广场店(新)),茶百道,温州龙湾万达广场-来电,128,1.8,13.2,0.879,11.603,11.463,,,
茶百道(瓯海大西洋银泰店),茶百道,银泰百货(温州瓯海店),29,1.8,5.0,0.4595,2.298,1.154,1.9911,,Y
麦记牛奶(温州瓯海大西洋银泰店),麦记牛奶,银泰百货(温州瓯海店),62,1.4,2.6,0.3125,0.813,1.154,0.7042,,Y
茶百道(温州市南虹广场店),茶百道,乐清南虹广场,78,1.8,1.4,0.8936,1.251,1.251,,Y,
麦记牛奶(温州万象城店),麦记牛奶,温州万象城,58,1.4,11.4,0.5696,6.493,7.891,,,
古茗(鹿城西城路店),古茗,白鹿商城(西城路店),308,2.2,6.8,1.0,6.8,6.8,,,
古茗(蝉街店),古茗,蝉街商厦,176,2.2,10.8,0.5742,6.202,6.202,,,
麦记牛奶(温州印象城店),麦记牛奶,温州印象城MEGA,45,1.4,12.4,0.1595,1.978,2.78,0.7116,,Y
茶百道(大兴西路店),茶百道,乐联超市(华联大厦店),201,1.8,2.8,0.6713,1.88,1.994,,,
古茗(苍南莲池路店),古茗,苍南仁英路步行街,99,2.2,1.0,1.0,1.0,1.0,,Y,
古茗(平阳联东路店),古茗,雅丹数码商场(华厦小区店),585,2.2,0.0,1.0,0.0,1.0,,Y,
CoCo都可(府前街店),CoCo,中荣城市广场(柴桥巷),194,1.8,10.0,0.4609,4.609,7.843,0.5876,,Y
古茗(乐清清远一区店),古茗,宝信商业广场,521,2.2,2.4,1.0,2.4,2.4,,Y,
古茗(景山印象里店),古茗,铂龙商业广场,62,2.2,8.2,0.9361,7.676,7.676,,,
蜜雪冰城(虹桥一店),蜜雪冰城,新族广场,121,2.5,0.8,1.0,0.8,0.8,,Y,
古茗(乐清汇丰路店),古茗,时代广场购物中心(乐清店),909,2.2,3.2,1.0,3.2,3.2,,,
古茗(鹿城游泳桥店),古茗,美美时尚广场,74,2.2,4.2,0.8902,3.739,3.739,,,
茶百道(茶山创荣店),茶百道,创荣商业广场,110,1.8,5.2,0.7075,3.679,3.699,,,
古茗(乐清北白象1店),古茗,东兴步行街,141,2.2,0.2,0.8531,0.171,0.165,,Y,
古茗(瓯海梧慈路店),古茗,亚新商城,430,2.2,1.0,1.0,1.0,1.0,,Y,
古茗(永嘉欧昌大楼店),古茗,大悦里商业街,162,2.2,2.6,1.0,2.6,2.6,,Y,
古茗(龙湾江锦家园店),古茗,温州龙湾万达广场-来电,777,2.2,2.4,0.9817,2.356,11.463,,Y,
茶百道(温州永中店),茶百道,永丰综合商城,106,1.8,1.0,1.0,1.0,1.0,,Y,
沪上阿姨·精选茶饮(温州乐清北白象店),沪上阿姨,东兴步行街,93,1.8,0.2,0.7954,0.159,0.165,,,
茶百道(大象城店),茶百道,温州大象城国际商贸中心,79,1.8,11.6,0.9026,10.471,10.471,,,
LELECHA乐乐茶(银泰百货瓯海店),乐乐茶,银泰百货(温州瓯海店),71,1.6,2.6,0.4438,1.154,1.154,1.0,,Y
古茗(乐清鸣阳路店),古茗,义乌直销商城,845,2.2,0.0,1.0,0.0,1.4,,Y,
古茗(瓯海瞿溪店),古茗,瞿溪新天地,571,2.2,0.8,1.0,0.8,0.8,,Y,
茶百道(温州乐清正大银泰店),茶百道,银泰百货(温州乐清店),129,1.8,1.8,0.5153,0.928,1.016,,,
古茗(瑞安革兴西街店),古茗,永丰超市(仙降镇前店),356,2.2,0.4,1.0,0.4,0.4,,Y,
古茗(龙港财富广场店),古茗,龙港财富广场,41,2.2,2.0,1.0,2.0,2.0,,Y,
古茗(瓯海金虹东街店),古茗,梦多多小镇,173,2.2,1.8,0.9705,1.747,1.747,,Y,
古茗(乐清百佳广场店),古茗,百佳广场,0,2.2,1.0,1.0,1.0,1.0,,Y,
古茗(鹿城兴海店),古茗,天都大酒店-商场,218,2.2,1.8,1.0,1.8,1.8,,Y,
茶百道(茶山欧尚店),茶百道,太一广场,79,1.8,2.6,1.0,2.6,2.6,,Y,
蜜雪冰城(汇豪锦园24h店),蜜雪冰城,温州港龙商业广场,220,2.5,17.2,0.5516,9.487,8.949,,,
茶百道(瓯海区府店),茶百道,中梁亿象商业广场,169,1.8,5.8,0.7723,4.48,4.872,,,
蜜雪冰城(华鸿中央公园店),蜜雪冰城,中梁亿象商业广场,273,2.5,6.6,0.9204,6.074,4.872,,,
古茗(乐清正大银泰3楼店),古茗,银泰百货(温州乐清店),129,2.2,1.8,0.6137,1.105,1.016,,,
古茗(瓯海商务中心店),古茗,优斯特购物商场(高教园区商务中心店),57,2.2,6.2,0.8781,5.445,5.445,,,
古茗(龙湾天河店),古茗,豪客购物中心(泰河路店),515,2.2,0.8,1.0,0.8,0.8,,Y,
古茗,古茗,义乌直销商城,302,2.2,2.8,1.0,2.8,1.4,,Y,
蜜雪冰城(创荣店商务中心十足对面),蜜雪冰城,创荣商业广场,69,2.5,5.2,0.7154,3.72,3.699,,,
古茗(乐清大荆店),古茗,财富中心,490,2.2,0.2,1.0,0.2,0.2,,Y,
LINLEE·手打柠檬茶(瓯海银泰店),LINLEE,银泰百货(温州瓯海店),71,1.5,2.6,0.4279,1.113,1.154,0.9642,,Y
古茗(瑞安东门店),古茗,万松商务生活广场,485,2.2,3.4,1.0,3.4,3.4,,,
古茗(瓯海金蟾大道店),古茗,郑阿奇数码商城,77,2.2,1.2,1.0,1.2,1.2,,Y,
古茗(瓯海仙岩河口塘店),古茗,名购购物中心(仙岩景桥店),853,2.2,0.0,1.0,0.0,0.0,,Y,
蜜雪冰城(茶山大学城-南柳小吃街店),蜜雪冰城,温大C区综合商场,474,2.5,1.8,1.0,1.8,1.8,,Y,
古茗(瑞安吾悦广场店),古茗,第吾大道步行街(吾悦广场店),68,2.2,3.8,0.8177,3.107,2.992,,,
古茗(瓯海亿象城店),古茗,中梁亿象商业广场,99,2.2,5.8,0.84,4.872,4.872,,,
古茗(瓯海汇豪锦园店),古茗,温州港龙商业广场,217,2.2,17.2,0.489,8.41,8.949,,,
茶百道(温州乐清天元广场店),茶百道,华都·天元广场,0,1.8,0.2,0.8642,0.173,0.173,,Y,
古茗(龙港西城路店),古茗,爱家家私商场(西二街店),612,2.2,0.8,1.0,0.8,0.8,,Y,
煲珠公·老红糖珍珠奶茶(温州龙湾万达店),煲珠公,万达广场(温州龙湾店),126,1.4,14.0,0.84,11.76,11.76,,,
古茗(瑞安东山学校店),古茗,瑞立外滩生活广场,540,2.2,0.8,1.0,0.8,0.5,,Y,
古茗(瓯海漫游天地),古茗,中庚漫游天地,116,2.2,20.2,0.6237,12.599,13.364,,,
古茗(鹿城百里店),古茗,朔门街,964,2.2,3.2,1.0,3.2,3.2,,,
蜜雪冰城(五马街小广场店),蜜雪冰城,大同商城(大同商城中楼店),110,2.5,10.8,0.7184,7.758,7.758,,,
古茗(瑞立生活广场店),古茗,瑞立外滩生活广场,76,2.2,0.2,1.0,0.2,0.5,,Y,
古茗(龙湾龙飞路店),古茗,龙珠商城,134,2.2,0.2,1.0,0.2,0.2,,Y,
茶百道(温州邻里中心店),茶百道,邻里广场(雁荡东路店),31,1.8,1.2,1.0,1.2,1.2,,Y,
蜜雪冰城(中庚漫游店),蜜雪冰城,中庚漫游天地,145,2.5,20.2,0.6995,14.13,13.364,,,
古茗(嘉兴南湖天地),古茗,南湖天地,62,2.2,3.4,0.4268,1.451,0.899,1.6139,,Y
喜茶(嘉兴南湖天地店),喜茶,南湖天地,235,2.0,1.0,0.5102,0.51,0.899,0.5675,,Y
茉莉奶白(南湖天地店),茉莉奶白,南湖天地,54,1.5,3.4,0.272,0.925,0.899,1.0286,,Y
霸王茶姬(浙江嘉兴南湖天地店),霸王茶姬,南湖天地,261,2.0,1.8,0.4852,0.873,0.899,0.9714,,Y
LELECHA乐乐茶(嘉兴南湖天地店),乐乐茶,南湖天地,255,1.6,1.8,0.4144,0.746,0.899,0.8297,,Y
蜜雪冰城(南湖天地负一楼万家超市收银台出口店),蜜雪冰城,南湖天地,47,2.5,3.4,0.4503,1.531,0.899,1.703,,Y
茶百道(嘉兴旭辉广场店),茶百道,嘉兴旭辉广场,17,1.8,16.0,0.3206,5.13,6.651,,,
CHAGEE霸王茶姬(浙江嘉兴南湖旭辉广场店),霸王茶姬,嘉兴旭辉广场,59,2.0,16.0,0.4422,7.075,6.651,,,
喜茶(嘉兴旭辉广场店),喜茶,嘉兴旭辉广场,27,2.0,16.0,0.3891,6.226,6.651,,,
1点点(嘉兴少年路店),一点点,嘉兴市华庭街购物中心有限公司,129,1.6,28.0,0.3501,9.802,13.722,,,
蜜雪冰城(旭辉广场店),蜜雪冰城,嘉兴旭辉广场,1,2.5,16.0,0.4458,7.133,6.651,,,
古茗(南湖区真合路店),古茗,南秀广场,748,2.2,18.4,0.3753,6.905,6.905,1.0,,Y
霸王茶姬(浙江嘉兴南湖少年路店),霸王茶姬,嘉兴市华庭街购物中心有限公司,178,2.0,31.2,0.4553,14.205,13.722,,,
CoCo都可(学院店),CoCo,南秀广场,755,1.8,17.6,0.3089,5.438,6.905,0.7875,,Y
1点点(嘉兴学院店),一点点,南秀广场,764,1.6,17.6,0.3477,6.119,6.905,0.8861,,Y
蜜雪冰城(吉水路店),蜜雪冰城,嘉兴八佰伴(中山路店),724,2.5,10.4,1.0,10.4,2.621,3.9686,,Y
古茗(嘉兴巴黎都市店),古茗,老佛爷购物中心,344,2.2,10.6,0.457,4.844,5.005,,,
沪上阿姨·精选茶饮(嘉兴南湖学院店),沪上阿姨,南秀广场,764,1.8,17.6,0.3919,6.898,6.905,0.999,,Y
春莱老挝咖啡·泰式奶茶(环城西路店),春莱,万安广场,197,1.4,10.8,0.8872,9.582,9.582,,,
CHAGEE霸王茶姬(浙江嘉兴南湖万科滨河荟店),霸王茶姬,南秀广场,171,2.0,17.8,0.9289,16.534,6.905,2.3944,,Y
1点点(农翔路店),一点点,老佛爷购物中心,403,1.6,10.6,0.5796,6.144,5.005,,,
蜜雪冰城(南湖学院店),蜜雪冰城,南秀广场,708,2.5,18.4,0.5359,9.861,6.905,1.428,,Y
古茗(南湖少年路店),古茗,嘉兴市华庭街购物中心有限公司,129,2.2,28.0,0.4728,13.239,13.722,,,
喜茶(嘉兴巴黎都市店),喜茶,老佛爷购物中心,310,2.0,8.2,0.4857,3.982,5.005,,,
CoCo都可(华庭广场店),CoCo,华庭街,60,1.8,26.8,0.3337,8.943,8.94,,,
1点点(嘉兴火车站北店),一点点,春波坊商贸北街,468,1.6,2.6,0.6763,1.758,1.758,,,
蜜雪冰城,蜜雪冰城,嘉兴市华庭街购物中心有限公司,184,2.5,29.6,0.5611,16.609,13.722,,,
CoCo都可(华庭街店),CoCo,华庭街,60,1.8,26.8,0.3335,8.937,8.94,,,
喜茶(嘉兴八佰伴购物中心店),喜茶,嘉兴八佰伴(中山路店),43,2.0,9.2,0.2768,2.547,2.621,0.9718,,Y
蜜雪冰城(嘉兴学院二店越秀集市边上),蜜雪冰城,南秀广场,776,2.5,16.0,0.445,7.12,6.905,1.0312,,Y
OT另茶(嘉兴八佰伴店),OT另茶,嘉兴八佰伴(中山路店),22,1.4,10.0,0.1719,1.719,2.621,0.656,,Y
奈雪的茶(嘉兴星河COCO City店),CoCo,嘉兴星河COCO City店,87,1.8,8.2,0.4221,3.461,2.964,1.1676,,Y
蜜雪冰城(巴黎都市店),蜜雪冰城,老佛爷购物中心,331,2.5,10.6,0.4873,5.165,5.005,,,
李若桃·手做酸奶铺(嘉兴八佰伴中山路店),李若桃,嘉兴八佰伴购物中心,48,1.4,8.4,0.2045,1.718,1.727,,,
CoCo都可(中山东路八百伴店),CoCo,嘉兴八佰伴(中山路店),14,1.8,10.0,0.2325,2.325,2.621,0.8872,,Y
茉酸奶( 嘉兴中山八佰伴店 ),茉酸奶,嘉兴八佰伴(中山路店),48,1.6,9.2,0.2848,2.621,2.621,1.0,,Y
蜜雪冰城(华庭街店),蜜雪冰城,名宏百货(步行街),55,2.5,27.6,0.5043,13.919,7.494,1.8573,,Y
茶百道(华府八佰伴店),茶百道,嘉兴八佰伴(华府店),0,1.8,11.4,0.1652,1.884,1.884,1.0,,Y
古茗(嘉兴八佰伴),古茗,嘉兴八佰伴购物中心,49,2.2,8.4,0.2935,2.466,1.727,,,
茶话弄(嘉兴星河COCOcity店),CoCo,嘉兴星河COCO City店,13,1.8,8.2,0.359,2.944,2.964,0.993,,Y
蜜雪冰城(中山路八佰伴店),蜜雪冰城,嘉兴八佰伴(中山路店),143,2.5,10.8,0.6423,6.937,2.621,2.647,,Y
Tamkoko泰柯茶园(嘉兴八佰伴店),Tamkoko泰柯茶园,嘉兴八佰伴购物中心,35,1.2,9.2,0.1685,1.55,1.727,,,
CoCo都可(新建国店),CoCo,名宏百货(步行街),177,1.8,21.0,0.5481,11.51,7.494,1.5359,,Y
福柠茶肆(嘉兴星河COCOCity店),CoCo,嘉兴星河COCO City店,130,1.8,7.4,0.4217,3.121,2.964,1.0528,,Y
CHAGEE霸王茶姬(浙江嘉兴城南八佰伴华府店),霸王茶姬,嘉兴八佰伴(华府店),7,2.0,11.4,0.1719,1.959,1.884,1.0403,,Y
蜜雪冰城(枫杨社区枫杨坊店),蜜雪冰城,嘉兴合乐城,717,2.5,8.8,1.0,8.8,3.047,2.8877,,Y
贡茶(八佰伴店),贡茶,嘉兴八佰伴(中山路店),283,1.4,11.6,0.7158,8.303,2.621,3.1685,,Y
喜茶(嘉兴八佰伴华府店),喜茶,嘉兴八佰伴(华府店),73,2.0,10.6,0.3974,4.213,1.884,2.2367,,Y
古茗(南湖华府八佰伴店),古茗,嘉兴八佰伴(华府店),30,2.2,10.6,0.2349,2.49,1.884,1.3221,,Y
茶百道(嘉兴月河店),茶百道,名宏百货(步行街),388,1.8,20.6,0.349,7.189,7.494,0.9593,,Y
茉酸奶(华府嘉兴八佰伴店),茉酸奶,嘉兴八佰伴(华府店),28,1.6,10.6,0.1683,1.784,1.884,0.9472,,Y
蜜雪冰城(月河店),蜜雪冰城,名宏百货(步行街),217,2.5,11.4,0.6574,7.494,7.494,1.0,,Y
CHAGEE霸王茶姬(浙江嘉兴南湖合乐城店),霸王茶姬,嘉兴合乐城,34,2.0,5.4,0.5643,3.047,3.047,1.0,,Y
LELECHA乐乐茶(嘉兴八佰伴华府店),乐乐茶,嘉兴八佰伴(华府店),14,1.6,10.6,0.1612,1.708,1.884,0.907,,Y
CoCo都可(月河店),CoCo,名宏百货(步行街),365,1.8,9.6,0.3742,3.593,7.494,0.4794,,Y
茶百道(嘉兴星河广场店),茶百道,嘉兴星河COCO City店,38,1.8,8.2,0.2672,2.191,2.964,0.7391,,Y
蜜雪冰城(华府八佰伴负一楼),蜜雪冰城,嘉兴八佰伴(华府店),19,2.5,10.6,0.2462,2.61,1.884,1.3856,,Y
古茗(嘉兴合乐城店),古茗,嘉兴合乐城,86,2.2,4.6,0.5777,2.657,3.047,0.872,,Y
1点点(嘉兴合乐城店),一点点,嘉兴合乐城,41,1.6,5.4,0.5215,2.816,3.047,0.924,,Y
茉莉奶白(嘉兴合乐城店),茉莉奶白,嘉兴合乐城,70,1.5,4.6,0.4342,1.997,3.047,0.6554,,Y
沪上阿姨·精选茶饮(嘉兴月河店),沪上阿姨,名宏百货(步行街),398,1.8,21.4,0.3677,7.869,7.494,1.0499,,Y
蜜雪冰城星河Coco店,蜜雪冰城,嘉兴星河COCO City店,31,2.5,8.2,0.364,2.985,2.964,1.007,,Y
1点点(华府嘉兴八佰伴店),一点点,嘉兴八佰伴(华府店),6,1.6,11.4,0.134,1.527,1.884,0.8109,,Y
古茗(星河COCO店),古茗,嘉兴星河COCO City店,64,2.2,8.2,0.3165,2.595,2.964,0.8755,,Y
霸王茶姬(浙江嘉兴星河COCOCity店),霸王茶姬,嘉兴星河COCO City店,83,2.0,8.2,0.3386,2.776,2.964,0.9365,,Y
1点点(嘉兴星河COCO City店店),CoCo,嘉兴星河COCO City店,46,1.8,8.2,0.4112,3.372,2.964,1.1375,,Y
古茗(月河历史文化街店),古茗,名宏百货(步行街),367,2.2,8.8,0.4709,4.144,7.494,0.553,,Y
CoCo都可(合乐城店),CoCo,嘉兴合乐城,130,1.8,5.2,0.6183,3.215,3.047,1.0551,,Y
沪上阿姨·精选茶饮(嘉兴星河广场店),沪上阿姨,嘉兴星河COCO City店,94,1.8,8.2,0.3107,2.548,2.964,0.8596,,Y
蜜雪冰城(洪贸街店),蜜雪冰城,老胡酒店用品商场,403,2.5,5.8,0.971,5.632,5.632,,,
爷爷不泡茶NOYEYENOTEA(嘉兴龙鼎万达店),爷爷不泡茶,万达广场(嘉兴龙鼎店),3,2.0,2.8,0.2421,0.678,0.777,0.8728,,Y
蜜雪冰城(泾水路店),蜜雪冰城,嘉兴合乐城,378,2.5,5.0,0.942,4.71,3.047,1.5456,,Y
霸王茶姬(浙江嘉兴南湖龙鼎万达店),霸王茶姬,万达广场(嘉兴龙鼎店),0,2.0,2.8,0.2408,0.674,0.777,0.8681,,Y
喜茶(嘉兴龙鼎万达店),喜茶,室内步行街,47,2.0,4.4,0.2783,1.225,1.002,,,
luckin coffee瑞幸咖啡(颐高数码大厦店),瑞幸,利丰商业中心,262,2.2,4.4,0.9822,4.322,4.322,,,
蜜雪冰城(江南年华店),蜜雪冰城,江南·年华商业中心,73,2.5,6.6,0.9216,6.082,6.082,,,
古茗(友谊街店),古茗,友谊街风情街,343,2.2,5.8,0.6817,3.954,4.107,,,
古茗(嘉兴经开万达店),古茗,万达广场(嘉兴龙鼎店),56,2.2,3.6,0.4357,1.569,0.777,2.02,,Y
古茗(南湖嘉职院店),古茗,泰富世界城,426,2.2,6.6,0.7822,5.162,5.296,,,
LELECHA乐乐茶(龙鼎万达广场店),乐乐茶,万达广场(嘉兴龙鼎店),30,1.6,2.8,0.2102,0.588,0.777,0.7578,,Y
蜜雪冰城(嘉职院店),蜜雪冰城,泰富世界城,464,2.5,6.6,0.8226,5.429,5.296,,,
茶百道(嘉兴双溪路店),茶百道,嘉兴中港城,799,1.8,2.4,1.0,2.4,2.4,,Y,
1点点(嘉兴龙鼎万达广场店),一点点,室内步行街,13,1.6,4.4,0.2383,1.049,1.002,,,
蜜雪冰城(龙鼎万达负一楼店),蜜雪冰城,万达广场(嘉兴龙鼎店),17,2.5,2.8,0.3126,0.875,0.777,1.1272,,Y
茉酸奶(嘉兴龙鼎万达广场店),茉酸奶,室内步行街,22,1.6,4.4,0.1935,0.852,1.002,,,
蜜雪冰城(建明公寓店),蜜雪冰城,友谊街风情街,366,2.5,5.8,0.7344,4.26,4.107,,,
蜜雪冰城(嘉城绿都春兰苑店),蜜雪冰城,嘉润购物中心,781,2.5,2.4,0.9834,2.36,2.447,,Y,
蜜雪冰城(瑞州广场店),蜜雪冰城,大自然购物广场,15,2.5,3.4,1.0,3.4,3.4,,,
CoCo都可(嘉兴东栅万悦集店),CoCo,嘉兴东栅万悦集,47,1.8,4.2,0.6391,2.684,2.712,,,
茶百道(经开万达店)(暂停营业),茶百道,室内步行街,24,1.8,4.4,0.2173,0.956,1.002,,,
古茗(南湖嘉诚绿都店),古茗,嘉润购物中心,430,2.2,3.4,0.7455,2.535,2.447,,,
LELECHA乐乐茶(嘉兴南湖经开万朵城店),乐乐茶,禾集商业街区,978,1.6,1.6,0.3029,0.485,0.68,,,
蜜雪冰城(双溪花园店),蜜雪冰城,嘉兴东栅万悦集,424,2.5,5.0,0.9675,4.838,2.712,,,
蜜雪冰城(嘉兴东栅万悦集店),蜜雪冰城,嘉兴东栅万悦集,52,2.5,4.2,0.6524,2.74,2.712,,,
CHAGEE霸王茶姬(浙江嘉兴南湖东栅万悦集店),霸王茶姬,嘉兴东栅万悦集,66,2.0,4.2,0.5577,2.342,2.712,,,
蜜雪冰城(锦绣社区三元路店),蜜雪冰城,瑞洲购物中心(锦绣农贸市场三元路店),55,2.5,1.0,1.0,1.0,0.5,,Y,
沪上阿姨·精选茶饮(嘉兴南湖万朵城店),沪上阿姨,禾集商业街区,981,1.8,1.6,0.4249,0.68,0.68,,,
喜茶(嘉兴杉杉in象店),喜茶,杉杉in象生活广场,97,2.0,2.0,0.5137,1.027,1.278,,,
蜜雪冰城(嘉兴经开万朵城店),蜜雪冰城,禾集商业街区,977,2.5,1.6,0.4733,0.757,0.68,,,
益禾堂(嘉兴南湖南德大院店),益禾堂,南德·爱都商业街(金都·南德大院店),69,1.7,3.4,1.0,3.4,3.4,,,
蜜雪冰城(杉杉in象生活广场店),蜜雪冰城,杉杉in象生活广场,75,2.5,2.0,0.6389,1.278,1.278,,,
1点点(嘉兴南湖万达广场店),一点点,万达广场(嘉兴南湖店),135,1.6,21.0,0.423,8.884,4.97,1.7876,,Y
CoCo都可(万达店),CoCo,万达广场(嘉兴南湖店),34,1.8,18.6,0.2939,5.466,4.97,1.0999,,Y
爷爷不泡茶NOYEYENOTEA(嘉兴南湖万达店),爷爷不泡茶,万达广场(嘉兴南湖店),5,2.0,15.4,0.2393,3.685,4.97,0.7415,,Y
蜜雪冰城(佳源都市长纤塘路店),蜜雪冰城,瑞洲购物中心(锦绣农贸市场三元路店),948,2.5,0.0,1.0,0.0,0.5,,Y,
LELECHA乐乐茶(南湖万达广场店),乐乐茶,万达广场(嘉兴南湖店),0,1.6,15.4,0.2314,3.564,4.97,0.7172,,Y
茶百道(嘉兴南湖万达广场店),茶百道,万达广场(嘉兴南湖店),0,1.8,15.4,0.253,3.897,4.97,0.7841,,Y
蜜雪冰城(万达室外步行街店),蜜雪冰城,万达广场(嘉兴南湖店),220,2.5,21.0,0.6553,13.761,4.97,2.7691,,Y
喜茶(嘉兴南湖万达广场店),喜茶,万达广场(嘉兴南湖店),12,2.0,15.4,0.2605,4.012,4.97,0.8073,,Y
CHAGEE霸王茶姬(南湖万达店),霸王茶姬,万达广场(嘉兴南湖店),109,2.0,6.6,0.3787,2.499,4.97,0.5029,,Y
CoCo都可(江南摩尔店),CoCo,江南摩尔购物中心,53,1.8,3.2,0.4766,1.525,1.753,,,
蜜雪冰城(秋江花苑店),蜜雪冰城,万达广场(嘉兴南湖店),109,2.5,12.2,0.4347,5.303,4.97,1.0671,,Y
茶百道(嘉兴江南摩尔店),茶百道,江南摩尔购物中心西区,40,1.8,2.4,0.4814,1.155,1.223,,,
沪上阿姨·精选茶饮(嘉兴万达华府店),沪上阿姨,万达广场(嘉兴南湖店),176,1.8,11.4,0.4827,5.503,4.97,1.1073,,Y
古茗(南湖杉杉in象店),古茗,杉杉in象生活广场,3,2.2,2.8,0.7481,2.095,1.278,,,
古茗(万达华府店),古茗,万达广场(嘉兴南湖店),113,2.2,13.8,0.3601,4.97,4.97,1.0,,Y
CHAGEE霸王茶姬(浙江嘉兴秀洲天虹百货店),霸王茶姬,江南摩尔购物中心西区,45,2.0,2.4,0.5373,1.29,1.223,,,
古茗(禾城世纪花园店),古茗,时代广场,97,2.2,2.6,0.5905,1.535,1.613,,,
蜜雪冰城(江南摩尔地下一层店),蜜雪冰城,江南摩尔购物中心,0,2.5,3.2,0.5629,1.801,1.753,,,
蜜雪冰城(禾城·世纪花园店),蜜雪冰城,时代广场,90,2.5,2.6,0.6506,1.691,1.613,,,
蜜雪冰城(2461店),蜜雪冰城,江南摩尔购物中心,32,2.5,3.2,0.5477,1.753,1.753,,,
古茗(秀洲塘汇永政路店),古茗,兴汇广场,710,2.2,0.8,0.7316,0.585,0.604,,,
古茗(中关村店),古茗,嘉兴中关村广场购物中心,147,2.2,6.0,0.8128,4.877,4.274,,,
蜜雪冰城(塘汇永政路店),蜜雪冰城,兴汇广场,675,2.5,0.8,0.7788,0.623,0.604,,,
CHAGEE霸王茶姬(浙江嘉兴南湖天玺大厦店),霸王茶姬,信源商业城,812,2.0,13.6,0.8999,12.238,12.238,,,
luckin coffee 瑞幸咖啡(海洲之星店),瑞幸,嘉兴中关村广场购物中心,908,2.2,11.2,1.0,11.2,4.274,,,
泰柯茶园,Tamkoko泰柯茶园,银泰百货(嘉善店),14,1.2,3.4,0.5257,1.787,2.085,,,
古茗(乌镇隆源路店),古茗,新百商场(兴华路店),505,2.2,0.8,0.8781,0.703,0.715,,Y,
古茗(海宁下沙奥莱店),古茗,下沙奥特莱斯二期,70,2.2,3.2,0.7693,2.462,2.428,,,
古茗(嘉兴西塘宏福路店),古茗,邮电路步行街,446,2.2,1.0,0.5175,0.518,0.518,,,
古茗(嘉兴新埭管家路),古茗,易家福购物广场,125,2.2,0.2,1.0,0.2,0.2,,Y,
古茗(桐乡城河路店),古茗,东兴商厦(庆丰总店),105,2.2,2.2,0.7817,1.72,1.523,,,
茶百道(嘉兴海宁奥莱新店),茶百道,下沙奥特莱斯二期,124,1.8,3.2,0.7587,2.428,2.428,,,
奈雪的茶(杭州下沙奥莱店),奈雪,下沙奥特莱斯二期,34,1.8,3.2,0.6651,2.128,2.428,,,
麦记牛奶(桐乡万象汇店),麦记牛奶,桐乡万象汇,14,1.4,6.6,0.9611,6.343,6.343,,,
茶百道(嘉善万联城店),茶百道,万联购物中心,52,1.8,1.4,0.533,0.746,0.79,,,
星巴克臻选(嘉兴COCOCity店),CoCo,嘉兴星河COCO City店,114,1.8,7.4,0.4772,3.531,2.964,1.1913,,Y
蜜雪冰城(乌镇西栅景区隆源路439号),蜜雪冰城,新百商场(兴华路店),564,2.5,0.8,0.9096,0.728,0.715,,Y,
古茗(平湖新仓店),古茗,大世界购物中心,333,2.2,1.0,1.0,1.0,1.0,,Y,
古茗(嘉善万联城店),古茗,万联购物中心,27,2.2,1.4,0.5953,0.833,0.79,,,
茶百道(嘉兴海宁爱琴海店),茶百道,爱琴海购物中心(海宁店),50,1.8,1.8,0.5578,1.004,1.192,,,
古茗(长安大学城长河路店),古茗,佳源中心广场,873,2.2,0.0,0.6669,0.0,0.305,,,
CoCo都可(八佰伴华府店),CoCo,嘉兴八佰伴(华府店),2,1.8,11.4,0.1485,1.693,1.884,0.8988,,Y
古茗(海宁盐仓店),古茗,三彩·盐仓步行街店,93,2.2,0.2,0.6933,0.139,0.13,,,
蜜雪冰城(吾悦广场店),蜜雪冰城,第吾大道步行街(桐乡新城吾悦广场店),48,2.5,1.2,0.6613,0.794,0.618,,,
古茗(海宁银泰城店),古茗,银泰百货(海宁店),114,2.2,5.2,0.6299,3.275,2.941,,,
蜜雪冰城(大桥店),蜜雪冰城,好一家量贩(大桥店),284,2.5,1.0,0.6793,0.679,0.679,,,
茶百道(嘉兴恒大店),茶百道,恒大商业中心,70,1.8,1.8,0.6021,1.084,1.166,,,
CoCo都可(桐乡吾悦广场店),CoCo,吾悦广场(桐乡店),84,1.8,1.2,0.462,0.554,0.645,,,
古茗(嘉兴桐乡雅道店),古茗,雅道休闲时尚街区,58,2.2,1.8,0.8998,1.62,1.62,,Y,
LINLEE·手打柠檬茶(嘉善万联城店),LINLEE,万联购物中心,25,1.5,1.4,0.4571,0.64,0.79,,,
茶百道(嘉兴桐乡吾悦广场),茶百道,吾悦广场(桐乡店),38,1.8,1.2,0.6137,0.736,0.645,,,
茶百道(嘉兴中关村广场店),茶百道,嘉兴中关村广场购物中心,0,1.8,3.6,0.7503,2.701,4.274,,,
古茗(海盐通元店),古茗,通元广场,933,2.2,0.0,1.0,0.0,0.0,,Y,
古茗(嘉兴平湖八佰伴店),古茗,平湖八佰伴,47,2.2,1.8,0.9519,1.713,1.713,,Y,
沪上阿姨·精选茶饮(嘉兴平湖嘉荟城店),沪上阿姨,恒隆·嘉荟城,70,1.8,0.4,0.7216,0.289,0.289,,,
茶百道(嘉兴西塘店),茶百道,邮电路步行街,455,1.8,1.0,0.4777,0.478,0.518,,,
古茗(南湖大桥夏云路),古茗,好一家量贩(大桥店),321,2.2,1.0,0.7449,0.745,0.679,,,
茶百道(海宁斜桥店),茶百道,吉卖隆购物广场(大桥南路店),289,1.8,0.2,0.931,0.186,0.569,,Y,
CoCo都可(平湖吾悦店),CoCo,吾悦广场(平湖店),42,1.8,5.6,0.5214,2.92,2.92,,,
麦记牛奶(龙鼎万达店),麦记牛奶,万达广场(嘉兴龙鼎店),92,1.4,4.4,0.334,1.47,0.777,1.8927,,Y
茶百道(乍浦店),茶百道,达源美好广场,407,1.8,1.8,1.0,1.8,1.8,,Y,
1点点(嘉善车站南店),一点点,温州商业街(车站北路店),276,1.6,1.6,0.378,0.605,0.665,,,
古茗(嘉善惠民新优路店),古茗,步行街,242,2.2,0.2,1.0,0.2,0.2,,Y,
古茗(平湖新华中路店),古茗,关帝庙商城(七彩花化妆美甲店),133,2.2,3.2,0.6011,1.923,1.899,,,
麦记牛奶公司(嘉兴八佰伴店),麦记牛奶,嘉兴八佰伴购物中心,47,1.4,9.2,0.1887,1.736,1.727,,,
古茗(南湖渔里广场店),古茗,渔里广场,64,2.2,1.8,1.0,1.8,1.8,,Y,
茶百道(市场路店),茶百道,桐乡世贸中心2期,527,1.8,0.8,0.8338,0.667,0.667,,Y,
麦记牛奶(海宁银泰店),麦记牛奶,银泰百货(海宁店),58,1.4,4.4,0.4785,2.105,2.941,,,
茶百道(嘉兴王江泾店),茶百道,佳源中心广场,356,1.8,1.0,0.6091,0.609,0.305,,,
古茗(嘉善健康路店),古茗,梅谷商城,56,2.2,4.2,0.8781,3.688,3.688,,,
古茗(南湖七星兴民路店),古茗,大树·汇众广场北区,79,2.2,1.0,1.0,1.0,1.0,,Y,
茶百道(海宁长安店),茶百道,佳源中心广场,862,1.8,0.0,0.5727,0.0,0.305,,,
古茗(人民西路万孚尊园店),古茗,韩家埭商城,242,2.2,1.2,1.0,1.2,1.2,,Y,
古茗(嘉善明珠小区店),古茗,瑞悦商业广场,627,2.2,0.8,1.0,0.8,0.8,,Y,
古茗茶饮(桐乡吾悦广场店),古茗,第吾大道步行街(桐乡新城吾悦广场店),104,2.2,1.2,0.5153,0.618,0.618,,,
CoCo都可(恒利店),CoCo,SMP星悦城,52,1.8,4.0,0.8021,3.208,3.208,,,
古茗(海宁人民广场店),古茗,爱琴海购物中心(海宁店),74,2.2,1.8,0.6622,1.192,1.192,,,
茶百道(王店花园路店),茶百道,王店综合商场,268,1.8,0.2,1.0,0.2,0.2,,Y,
茶百道(海宁银泰百货店),茶百道,银泰百货(海宁店),76,1.8,5.2,0.5656,2.941,2.941,,,
古茗(秀洲王江泾店),古茗,佳源中心广场,366,2.2,1.0,0.6995,0.699,0.305,,,
茶百道(嘉兴嘉善新店),茶百道,温州商业街(车站北路店),267,1.8,1.6,0.4538,0.726,0.665,,,
古茗(秀洲正原北路店),古茗,恒大商业中心,53,2.2,1.8,0.6933,1.248,1.166,,,
古茗(下沙冰雪世界店),古茗,聚鑫商业中心,65,2.2,1.8,0.4698,0.846,0.902,,,
古茗(桐乡秀溪路店),古茗,欧易尚购物中心,439,2.2,0.2,1.0,0.2,0.2,,Y,
茶百道(许村店),茶百道,印象许村新天地,281,1.8,1.0,1.0,1.0,1.0,,Y,
茶百道(嘉兴海宁盐仓店),茶百道,三彩·盐仓步行街店,105,1.8,0.2,0.6021,0.12,0.13,,,
麦记牛奶(嘉兴海盐北大街店),麦记牛奶,海盐北大街旅游文化街区,66,1.4,1.6,0.9044,1.447,1.447,,Y,
1点点(平湖吾悦广场店),一点点,吾悦广场(平湖店),66,1.6,4.8,0.5601,2.689,2.92,,,
茶百道(嘉兴桐乡濮院佳源店),茶百道,欧德福超级购物广场(濮院·佳源中心广场店),88,1.8,3.8,0.8969,3.408,3.375,,,
蜜雪冰城(东兴街店),蜜雪冰城,东兴商厦(庆丰总店),85,2.5,1.6,0.8295,1.327,1.523,,Y,
古茗(海宁金泰城店),古茗,海宁金泰城,101,2.2,5.2,0.8113,4.219,4.219,,,
CoCo都可(中关村店),CoCo,嘉兴中关村广场购物中心,84,1.8,5.2,0.7061,3.672,4.274,,,
古茗(吾悦皇后大道店),古茗,吾悦广场(平湖店),19,2.2,6.4,0.615,3.936,2.92,,,
茶百道(嘉兴平湖大润发店),茶百道,世纪商业中心瑞丽女人街,133,1.8,3.0,0.4947,1.484,1.668,,,
蜜雪冰城(滨河花苑店),蜜雪冰城,金牌商业街,762,2.5,0.0,1.0,0.0,0.0,,Y,
古茗(盈都新天地店),古茗,乐淘城,155,2.2,9.2,1.0,9.2,9.2,,,
古茗(嘉兴南湖新丰店),古茗,百得润生活购物广场,159,2.2,1.0,1.0,1.0,1.0,,Y,
古茗(海宁长安八号桥店),古茗,八号桥商业街与启辉路交叉口,83,2.2,0.6,1.0,0.6,0.6,,Y,
古茗(平湖当湖街道店),古茗,关帝庙商城(七彩花化妆美甲店),145,2.2,3.0,0.625,1.875,1.899,,,
CoCo都可(崇福嘉凯城),CoCo,嘉凯城,63,1.8,0.8,1.0,0.8,0.8,,Y,
古茗(嘉善银泰百货店),古茗,银泰百货(嘉善店),60,2.2,3.4,0.7243,2.462,2.085,,,
沪上阿姨·精选茶饮(嘉兴桐乡市场路店),沪上阿姨,桐乡世贸中心2期,583,1.8,0.8,0.8338,0.667,0.667,,Y,
古茗(嘉善车站南路店),古茗,马路口商场,288,2.2,1.6,0.5455,0.873,0.873,,,
古茗(实验小学梅园路店),古茗,平湖里,517,2.2,0.0,1.0,0.0,0.2,,Y,
古茗(桐乡民兴路店),古茗,百润发购物中心(新丰路店),949,2.2,1.6,1.0,1.6,1.6,,Y,
茶百道(平湖平湖里店),茶百道,平湖里,8,1.8,0.4,1.0,0.4,0.2,,Y,
茶百道(嘉兴海盐长安里店),茶百道,长安里未来商业中心,39,1.8,1.2,1.0,1.2,1.2,,Y,
茶百道(嘉兴洪合店),茶百道,欧得隆购物广场(洪合店),586,1.8,0.0,1.0,0.0,0.0,,Y,
古茗(高桥龙昌路店),古茗,供销广场,565,2.2,0.0,1.0,0.0,0.0,,Y,
茶百道(嘉兴嘉善姚庄洪福路店),茶百道,帝恒广场,970,1.8,0.0,0.9742,0.0,0.0,,Y,
蜜雪冰城(景区外宏福路377号),蜜雪冰城,邮电路步行街,419,2.5,1.0,0.6297,0.63,0.518,,,
LINLEE·手打柠檬茶(桐乡吾悦广场店),LINLEE,第吾大道步行街(桐乡新城吾悦广场店),87,1.5,1.2,0.368,0.442,0.618,,,
古茗(桐乡濮院佳源店),古茗,欧德福超级购物广场(濮院·佳源中心广场店),109,2.2,3.6,0.9285,3.343,3.375,,,
沪上阿姨·精选茶饮(嘉兴大桥夏云路店),沪上阿姨,好一家量贩(大桥店),281,1.8,1.0,0.5252,0.525,0.679,,,
CoCo都可(平湖大润发店),CoCo,世纪商业中心瑞丽女人街,33,1.8,3.8,0.4389,1.668,1.668,,,
麦记牛奶(嘉善银泰店),麦记牛奶,银泰百货(嘉善店),51,1.4,3.4,0.6132,2.085,2.085,,,
CoCo都可(工人路人民广场店),CoCo,爱琴海购物中心(海宁店),29,1.8,1.8,0.6839,1.231,1.192,,,
蜜雪冰城(奥特莱斯海沙路31号店),蜜雪冰城,聚鑫商业中心,65,2.5,1.8,0.5325,0.958,0.902,,,
古茗(嘉兴海宁斜桥店),古茗,吉卖隆购物广场(大桥南路店),441,2.2,1.0,0.9527,0.953,0.569,,Y,
蜜雪冰城(大润发店),蜜雪冰城,嘉善解放路商场(兴市路店),964,2.5,2.4,1.0,2.4,2.4,,Y,
蜜雪冰城((平湖大润发店)),蜜雪冰城,世纪商业中心瑞丽女人街,39,2.5,3.8,0.5844,2.221,1.668,,,
蜜雪冰城(万联城店),蜜雪冰城,万联购物中心,61,2.5,1.4,0.6758,0.946,0.79,,,
古茗(新仓中蒋广场店),古茗,中蒋广场,45,2.2,1.0,1.0,1.0,1.0,,Y,
瑞幸咖啡(湖州市民服务中心店),瑞幸,湖盛仁皇山生活广场,915,2.2,4.0,1.0,4.0,3.098,,,
茶百道(湖州仁皇山广场店),茶百道,湖盛仁皇山生活广场,46,1.8,5.8,0.4152,2.408,3.098,,,
古茗(吴兴仁皇山生活广场),古茗,湖盛仁皇山生活广场,52,2.2,5.8,0.507,2.94,3.098,,,
CHAGEE霸王茶姬(浙江湖州吴兴仁皇山生活广场店),霸王茶姬,湖盛仁皇山生活广场,23,2.0,5.8,0.5615,3.256,3.098,,,
蜜雪冰城(吴越府店),蜜雪冰城,玲珑湾商业街,108,2.5,5.0,0.8167,4.083,3.98,,,
瑞幸咖啡(湖州吴越府店),瑞幸,玲珑湾商业街,59,2.2,5.0,0.7753,3.876,3.98,,,
LELECHA乐乐茶(湖州东吴银泰店),乐乐茶,凤凰时代广场,634,1.6,29.6,0.5856,17.335,15.587,,,
古茗(湖州吴兴吾悦广场),古茗,吴越印巷步行街(湖州南太湖吾悦广场店),151,2.2,10.0,0.3032,3.032,2.616,1.159,,Y
茶百道(湖州吾悦广场店),茶百道,吴越印巷步行街(湖州南太湖吾悦广场店),91,1.8,10.0,0.2616,2.616,2.616,1.0,,Y
蜜雪冰城(湖州南太湖吾悦广场店),蜜雪冰城,吴越印巷步行街(湖州南太湖吾悦广场店),34,2.5,10.0,0.6122,6.122,2.616,2.3402,,Y
CHAGEE霸王茶姬(浙江湖州南太湖吾悦广场店),霸王茶姬,吴越印巷步行街(湖州南太湖吾悦广场店),200,2.0,10.8,0.3899,4.211,2.616,1.6094,,Y
沪上阿姨·精选茶饮(湖州织里吾悦广场店),沪上阿姨,吴越印巷步行街(湖州南太湖吾悦广场店),164,1.8,10.8,0.3065,3.311,2.616,1.2654,,Y
爷爷不泡茶NOYEYENOTEA(湖州南太湖吾悦店),爷爷不泡茶,吴越印巷步行街(湖州南太湖吾悦广场店),92,2.0,10.0,0.2743,2.743,2.616,1.0485,,Y
茉莉奶白(湖州东吴银泰百货店),茉莉奶白,东吴国际广场,39,1.5,8.8,0.2196,1.932,1.565,1.2346,,Y
李若桃·手作酸奶铺(湖州东吴银泰城店),李若桃,东吴国际广场,66,1.4,8.8,0.2189,1.926,1.565,1.2307,,Y
1点点(湖州吾悦广场店),一点点,吴越印巷步行街(湖州南太湖吾悦广场店),129,1.6,10.0,0.2412,2.412,2.616,0.922,,Y
LINLEE·手打柠檬茶(吴兴南太湖吾悦店),LINLEE,吴越印巷步行街(湖州南太湖吾悦广场店),96,1.5,10.0,0.2123,2.123,2.616,0.8114,,Y
喜茶(湖州东吴银泰城店),喜茶,东吴国际广场,99,2.0,8.2,0.2655,2.177,1.565,1.3909,,Y
瑞幸咖啡(湖州港汇大厦店),瑞幸,东吴国际广场,743,2.2,8.8,1.0,8.8,1.565,5.623,,Y
茉酸奶(湖州吴兴吾悦店),茉酸奶,吴越印巷步行街(湖州南太湖吾悦广场店),115,1.6,10.0,0.2247,2.247,2.616,0.8589,,Y
OT另茶(湖州东吴银泰店),OT另茶,东吴国际广场,74,1.4,8.0,0.1576,1.261,1.565,0.8056,,Y
1点点(湖州银泰店),一点点,东吴国际广场,60,1.6,8.8,0.1596,1.404,1.565,0.8973,,Y
煲珠公·南太湖吾悦店,煲珠公,吴越印巷步行街(湖州南太湖吾悦广场店),175,1.4,10.0,0.2334,2.334,2.616,0.8921,,Y
古茗(东吴银泰店),古茗,东吴国际广场,61,2.2,8.8,0.2182,1.92,1.565,1.2268,,Y
CoCo都可(吾悦广场店),CoCo,吴越印巷步行街(湖州南太湖吾悦广场店),155,1.8,9.2,0.2672,2.458,2.616,0.9397,,Y
泰柯茶园,Tamkoko泰柯茶园,东吴国际广场,63,1.2,8.8,0.1239,1.091,1.565,0.6969,,Y
茉酸奶( 湖州东吴银泰店 ),茉酸奶,东吴国际广场,67,1.6,8.8,0.1778,1.565,1.565,1.0,,Y
煲珠公,煲珠公,东吴国际广场,86,1.4,8.0,0.1715,1.372,1.565,0.8769,,Y
春莱(春莱·泰式奶茶·老挝冰咖啡(湖州店)),春莱,众鑫广场,390,1.4,7.8,0.8065,6.291,7.654,,,
VQ鲜榨果汁(银泰百货店),VQ鲜榨果汁,东吴国际广场,79,1.3,8.0,0.1505,1.204,1.565,0.7695,,Y
LELECHA乐乐茶(东吴银泰店),乐乐茶,银泰百货(湖州东吴店),60,1.6,8.2,0.2173,1.782,1.782,,,
茉莉奶白(湖州爱山银泰城店),茉莉奶白,湖州爱山银泰城,0,1.5,53.0,0.1813,9.607,13.169,0.7295,,Y
霸王茶姬(爱山广场店),霸王茶姬,星火百货,36,2.0,53.6,0.3516,18.847,18.847,,,
luckin coffee 瑞幸咖啡(赵湾店),瑞幸,惠客隆购物广场,327,2.2,2.6,0.792,2.059,2.062,,,
爷爷不泡茶NOYEYENOTEA(湖州万象商业广场店),爷爷不泡茶,永辉城市生活广场,14,2.0,1.8,0.603,1.085,1.14,,,
奈雪的茶(湖州爱山银泰PRO店),奈雪,湖州爱山银泰城,53,1.8,53.2,0.2694,14.333,13.169,1.0884,,Y
古茗(吴兴赵湾店),古茗,惠客隆购物广场,169,2.2,4.2,0.844,3.545,2.062,,,
茶百道(新市陌路店),茶百道,新华路百货一条街,608,1.8,3.2,0.2753,0.881,1.217,0.724,,Y
爷爷不泡茶NOYEYENOTEA(湖州衣裳街店),爷爷不泡茶,银来商业大厦(爱山广场步行街区店),112,2.0,52.2,0.3264,17.04,17.04,,,
CoCo都可(市陌店),CoCo,新华路百货一条街,590,1.8,3.2,0.3506,1.122,1.217,0.9222,,Y
古茗(吴兴新市陌路店),古茗,新华路百货一条街,628,2.2,3.2,0.645,2.064,1.217,1.6962,,Y
蜜雪冰城(衣裳街店),蜜雪冰城,爱山广场步行街区,77,2.5,52.4,0.4302,22.542,22.542,,,
霸王茶姬(衣裳街店),霸王茶姬,观凤商城(衣裳街历史文化街区店),73,2.0,49.6,0.2928,14.525,14.525,,,
喜茶(湖州爱山广场店),喜茶,爱山商厦,18,2.0,53.2,0.3976,21.153,18.105,,,
CoCo都可(衣裳街店),CoCo,浙北家电,115,1.8,51.4,0.2222,11.419,12.639,0.9034,,Y
古茗(吴兴爱山银泰店),古茗,湖州爱山银泰城,20,2.2,53.2,0.2475,13.169,13.169,1.0,,Y
蜜雪冰城(爱山星火店老娘舅旁边),蜜雪冰城,星火百货B座,21,2.5,52.8,0.5048,26.651,26.651,,,
茶百道(湖州衣裳街店),茶百道,观凤商城(衣裳街历史文化街区店),76,1.8,50.4,0.2404,12.117,14.525,,,
LINLEE·手打柠檬茶(吴兴爱山店),LINLEE,爱山商厦,52,1.5,53.2,0.283,15.058,18.105,,,
古茗(吴兴罗师庄店),古茗,吉盛多购物中心(罗师庄店),175,2.2,5.0,0.6497,3.249,3.764,,,
蜜雪冰城(新市陌路店重庆小面旁边),蜜雪冰城,新华路百货一条街,608,2.5,3.2,0.3802,1.217,1.217,1.0,,Y
1点点(衣裳街历史文化街区店),一点点,浙北家电,113,1.6,51.4,0.1971,10.132,12.639,0.8017,,Y
瑞幸咖啡(湖州府庙店),瑞幸,颐高数码广场(湖州店),77,2.2,15.4,0.6728,10.361,10.361,,,
古茗(吴兴浙北大厦店),古茗,湖州爱山银泰城,25,2.2,52.4,0.2571,13.47,13.169,1.0228,,Y
蜜雪冰城(罗师庄店),蜜雪冰城,吉盛多购物中心(罗师庄店),176,2.5,5.8,0.7379,4.28,3.764,,,
沪上阿姨·精选茶饮(湖州爱山银泰店),沪上阿姨,湖州爱山银泰城,32,1.8,53.2,0.2279,12.122,13.169,0.9204,,Y
古茗(衣裳街总店),古茗,浙北家电,53,2.2,50.4,0.2992,15.079,12.639,1.193,,Y
古茗(吴兴龙溪南路店),古茗,状元街,474,2.2,5.0,0.5976,2.988,3.263,,,
蜜雪冰城(永辉广场店),蜜雪冰城,永辉城市生活广场,40,2.5,1.8,0.6635,1.194,1.14,,,
古茗(吴兴爱山广场店),古茗,湖州福莱福百货贸易有限公司,47,2.2,52.8,0.4332,22.873,22.873,,,
古茗(吴兴新华路店),古茗,新华路百货一条街,161,2.2,5.2,0.6124,3.185,1.217,2.6172,,Y
蜜雪冰城(赵湾店),蜜雪冰城,惠客隆购物广场,265,2.5,2.6,0.7929,2.062,2.062,,,
古茗(衣裳街一店),古茗,浙北家电,93,2.2,51.4,0.2459,12.639,12.639,1.0,,Y
蜜雪冰城(衣裳街二店长沙臭豆腐对面),蜜雪冰城,浙北家电,82,2.5,51.2,0.2811,14.392,12.639,1.1387,,Y
蜜雪冰城(龙溪南路店),蜜雪冰城,状元街,459,2.5,5.0,0.6525,3.263,3.263,,,
古茗(吴兴衣裳街三店),古茗,观凤商城(衣裳街历史文化街区店),67,2.2,48.8,0.4547,22.191,14.525,,,
蜜雪冰城(劳动路状元街),蜜雪冰城,状元街,47,2.5,47.0,0.7412,34.838,3.263,,,
沪上阿姨·精选茶饮(湖州新市陌路店),沪上阿姨,新华路百货一条街,619,1.8,3.2,0.324,1.037,1.217,0.8521,,Y
蜜雪冰城(计家桥小区店),蜜雪冰城,新华路百货一条街,150,2.5,5.2,0.6711,3.49,1.217,2.868,,Y
贡茶,贡茶,众鑫广场,426,1.4,9.2,0.9801,9.017,7.654,,,
蜜雪冰城(湖州师范大学店),蜜雪冰城,乐友·爱儿母婴购物中心(米兰花园店),803,2.5,10.4,0.9926,10.323,11.837,,,
霸王茶姬(浙江湖州梅地亚广场店),霸王茶姬,梅地亚广场,72,2.0,5.0,0.5563,2.782,2.675,,,
CHAGEE霸王茶姬(湖州师范学院东校区店),霸王茶姬,乐友·爱儿母婴购物中心(米兰花园店),838,2.0,13.6,0.9817,13.352,11.837,,,
沪上阿姨·精选茶饮(湖州清河家园店),沪上阿姨,华夏商城,603,1.8,5.6,0.3973,2.225,2.397,,,
古茗(吴兴清河嘉园店),古茗,华夏商城,593,2.2,5.6,0.4518,2.53,2.397,,,
CHAGEE霸王茶姬(浙江湖州西南浙北店),霸王茶姬,浙北购物运动体验中心,41,2.0,6.6,0.4642,3.064,3.023,1.0135,,Y
古茗(吴兴梅地亚广场店),古茗,梅地亚广场,121,2.2,5.8,0.491,2.848,2.675,,,
茶百道(湖州浙北中心店),茶百道,浙北购物运动体验中心,15,1.8,6.6,0.3376,2.228,3.023,0.7371,,Y
蜜雪冰城(清河嘉园店),蜜雪冰城,华夏商城,678,2.5,6.4,0.7433,4.757,2.397,,,
喜茶(湖州吴兴浙北运动中心店),喜茶,浙北购物运动体验中心,20,2.0,6.6,0.3765,2.485,3.023,0.8221,,Y
1点点(清河嘉园C区店),一点点,华夏商城,644,1.6,4.8,0.4715,2.263,2.397,,,
蜜雪冰城(余家漾店),蜜雪冰城,梅地亚广场,110,2.5,5.0,0.5137,2.569,2.675,,,
CoCo都可(浙北运动中心店),CoCo,浙北购物运动体验中心,311,1.8,3.4,0.8944,3.041,3.023,1.006,,Y
霸王茶姬(浙江湖州吴兴万达广场店),霸王茶姬,万达广场(湖州吴兴店),91,2.0,6.0,0.449,2.694,2.663,1.0117,,Y
蜜雪冰城(吴兴区港南路388号浙北购物运动体验中心1F-1002A),蜜雪冰城,浙北购物运动体验中心,0,2.5,6.6,0.458,3.023,3.023,1.0,,Y
古茗(吴兴新风路店),古茗,中原百盈广场,513,2.2,2.4,0.5439,1.305,1.452,,,
古茗(长兴龙之梦店),古茗,徽糖帮特产商城,446,2.2,0.2,0.5436,0.109,0.078,1.3883,,Y
1点点,一点点,梅地亚广场,80,1.6,5.0,0.404,2.02,2.675,,,
蜜雪冰城(湖东路314号湖城小面旁边),蜜雪冰城,家乐多商厦,249,2.5,4.2,0.9082,3.815,3.815,,,
蜜雪冰城(新风路店),蜜雪冰城,中原百盈广场,507,2.5,2.4,0.6051,1.452,1.452,,,
古茗(万达广场店),古茗,万达广场(湖州吴兴店),69,2.2,6.0,0.461,2.766,2.663,1.0388,,Y
蜜雪冰城(湖州吴兴万达广场店),蜜雪冰城,万达广场(湖州吴兴店),70,2.5,6.0,0.4438,2.663,2.663,1.0,,Y
古茗(吴兴王家漾店),古茗,乐家购物中心(王家漾佳苑店),109,2.2,1.8,0.9431,1.698,1.709,,Y,
喜茶(湖州吴兴万达店),喜茶,万达广场(湖州吴兴店),117,2.0,6.8,0.437,2.972,2.663,1.1161,,Y
茉莉奶白(湖州吴兴万达广场店),茉莉奶白,万达广场(湖州吴兴店),25,1.5,6.0,0.3458,2.075,2.663,0.7792,,Y
1点点(湖州万达店),一点点,万达广场(湖州吴兴店),80,1.6,6.0,0.3438,2.063,2.663,0.7748,,Y
瑞幸咖啡(湖州首创奥特莱斯店),瑞幸,湖州首创奥特莱斯,295,2.2,1.8,0.9164,1.649,1.649,,Y,
沪上阿姨·精选茶饮(湖州吴兴万达广场店),沪上阿姨,万达广场(湖州吴兴店),8,1.8,6.0,0.3419,2.052,2.663,0.7705,,Y
茶百道(宝龙旭辉城店),茶百道,缤纷商业中心(宝龙旭辉城店),128,1.8,6.0,0.5073,3.044,2.597,,,
古茗(吴兴东湖街店),古茗,家乐多商厦,425,2.2,5.8,0.9346,5.42,3.815,,,
古茗(吴兴宝龙旭辉城店),古茗,缤纷商业中心(宝龙旭辉城店),127,2.2,5.2,0.4995,2.597,2.597,,,
LELECHA乐乐茶(湖州吴兴万达广场店),乐乐茶,缤纷商业中心(宝龙旭辉城店),94,1.6,6.0,0.3417,2.05,2.597,,,
蜜雪冰城(龙之梦店),蜜雪冰城,徽糖帮特产商城,391,2.5,0.2,0.6188,0.124,0.078,1.5803,,Y
蜜雪冰城(碧浪湖店),蜜雪冰城,鑫森广场,117,2.5,1.8,1.0,1.8,1.8,,Y,
快乐番薯(湖州吴兴百盛国际名都店),快乐番薯,中原百盈广场,278,1.4,2.6,0.8901,2.314,1.452,,Y,
蜜雪冰城(王家漾店),蜜雪冰城,乐家购物中心(王家漾佳苑店),188,2.5,1.8,0.9554,1.72,1.709,,Y,
茶百道(湖州龙之梦古镇店),茶百道,徽糖帮特产商城,877,1.8,0.0,0.9173,0.0,0.078,,Y,
沪上阿姨·精选茶饮(湖州龙之梦演艺城店),沪上阿姨,徽糖帮特产商城,490,1.8,0.2,0.3971,0.079,0.078,1.014,,Y
蜜雪冰城(月亮湾店),蜜雪冰城,渔人码头,460,2.5,0.2,1.0,0.2,0.2,,Y,
茶百道(太湖古镇店),茶百道,徽糖帮特产商城,493,1.8,0.2,0.3861,0.077,0.078,0.986,,Y
沪上阿姨鲜果茶(湖州湖东路店),沪上阿姨,家乐多商厦,134,1.8,4.2,0.8779,3.687,3.815,,,
7分甜(湖州龙之梦太湖古镇店),7分甜,徽糖帮特产商城,510,1.5,0.0,0.3672,0.0,0.078,0.0,,Y
古茗(南浔古镇店),古茗,泰安商业广场,469,2.2,1.8,0.8751,1.575,0.883,,Y,
古茗(安吉九州广场店),古茗,安吉万象世界,37,2.2,19.8,0.6305,12.483,12.483,,,
古茗(安吉报福镇店),古茗,报福礼商业街,578,2.2,0.8,1.0,0.8,0.8,,Y,
古茗(德清吉祥街店),古茗,正翔商业广场,88,2.2,12.6,0.3932,4.955,5.992,0.8269,,Y
古茗(新市古镇店),古茗,双福百货商场(平安路店),153,2.2,1.0,0.9785,0.978,0.978,,Y,
麦记牛奶公司(凤凰路),麦记牛奶,凤凰时代广场,614,1.4,28.8,0.4805,13.838,15.587,,,
蜜雪冰城(音乐喷泉店),蜜雪冰城,安吉万象世界,75,2.5,20.0,0.7104,14.208,12.483,,,
古茗(乾元南街5号店),古茗,万里商场,96,2.2,1.6,1.0,1.6,1.6,,Y,
古茗(安吉递铺中路店),古茗,安吉经典1958商业中心,96,2.2,7.0,0.6491,4.544,4.228,,,
麦记牛奶(安吉万象店),麦记牛奶,安吉万象世界,63,1.4,19.8,0.6301,12.476,12.483,,,
茶百道(湖州南浔吾悦广场店),茶百道,湖州南浔吾悦广场,100,1.8,5.0,0.4105,2.052,2.193,,,
古茗(湖州埭溪上强路店),古茗,如海服饰商场(埭溪店),168,2.2,2.2,1.0,2.2,2.2,,Y,
古茗(安吉丰虹路店),古茗,鼎盛路商业街,250,2.2,2.0,1.0,2.0,2.0,,Y,
古茗(新市仙潭路店),古茗,银河城购物中心,136,2.2,2.4,0.9749,2.34,2.34,,Y,
茶百道(湖州南浔古镇店),茶百道,泰安商业广场,296,1.8,0.2,0.9549,0.191,0.883,,Y,
古茗(安吉梅溪晓墅店),古茗,安吉县晓墅海丰家电商场,222,2.2,0.2,1.0,0.2,0.2,,Y,
古茗(安吉佳源广场店),古茗,安吉佳源广场,43,2.2,0.2,0.7487,0.15,0.154,,,
古茗(德清兴康北路店),古茗,德清佳得利商贸城,621,2.2,5.6,1.0,5.6,5.6,,,
古茗(德清海洋城店),古茗,湖州德清银泰城,868,2.2,8.0,0.9626,7.701,1.554,,,
古茗(南浔和孚店),古茗,京润发生活购物中心,189,2.2,2.8,1.0,2.8,2.8,,Y,
古茗(长兴和平店),古茗,润的生活购物广场,182,2.2,0.2,1.0,0.2,0.2,,Y,
古茗(湖州安吉良朋店),古茗,好易盛购物中心,105,2.2,1.4,1.0,1.4,1.4,,Y,
古茗(吴兴富民中路店),古茗,金海岸购物广场,197,2.2,3.2,0.9447,3.023,3.075,,,
蜜雪冰城(南浔古镇店),蜜雪冰城,江南水乡一条街(园林路),543,2.5,3.2,0.8335,2.667,2.761,,,
古茗(长兴古城街店),古茗,新双龙时尚女人生活广场,84,2.2,4.4,1.0,4.4,4.4,,,
古茗(长兴翡翠名都店),古茗,长兴利时广场,854,2.2,2.4,1.0,2.4,3.151,,Y,
茶百道(湖州汇金商业中心店),茶百道,甄食尚汇金商业中心(汇金商业购物中心店),42,1.8,3.8,0.8922,3.39,3.39,,,
古茗(长兴万达店),古茗,万达广场(长兴店),118,2.2,1.8,0.8535,1.536,1.529,,Y,
古茗(安吉浙北大厦店),古茗,浙北大厦购物中心(安吉店),65,2.2,10.2,0.9099,9.281,9.281,,,
古茗(长兴东鱼坊店),古茗,长兴县第一百货商店,152,2.2,4.4,0.9853,4.336,4.336,,,
蜜雪冰城(安吉美颂广场店),蜜雪冰城,安吉美颂广场,78,2.5,5.8,0.8694,5.042,5.285,,,
古茗(南浔练市能源路),古茗,汇成生活购物广场(汇成大厦店),340,2.2,2.8,0.6584,1.844,1.921,,,
古茗(长兴利时广场店),古茗,长兴利时广场,33,2.2,4.2,0.9291,3.902,3.151,,,
春莱·老挝咖啡·泰式奶茶(德清店),春莱,正翔商业广场,468,1.4,11.4,0.932,10.625,5.992,1.7733,,Y
古茗(安吉苕溪路店),古茗,浙北大厦(安吉店),405,2.2,2.6,0.9033,2.348,2.348,,Y,
古茗(南浔吾悦广场店),古茗,南韵印巷步行街(湖州南浔吾悦广场店),50,2.2,3.4,0.8173,2.779,2.779,,,
麦记牛奶(德清银泰店),麦记牛奶,湖州德清银泰城,66,1.4,1.8,0.6848,1.233,1.554,,,
蜜雪冰城佳源广场店,蜜雪冰城,安吉佳源广场,52,2.5,0.2,0.7937,0.159,0.154,,,
茶百道(湖州长兴泗安镇店),茶百道,凤凰城步行街,86,1.8,0.6,0.9303,0.558,0.558,,Y,
沪上阿姨·精选茶饮(湖州南洵古镇店),沪上阿姨,江南水乡一条街(园林路),540,1.8,4.0,0.7137,2.855,2.761,,,
古茗(南浔双林爱国路),古茗,东方百货商场(爱国路),567,2.2,0.8,1.0,0.8,0.8,,Y,
古茗(长兴中医院店),古茗,长兴太平洋商贸城,172,2.2,0.2,1.0,0.2,0.5,,Y,
蜜雪冰城(吉祥社区店),蜜雪冰城,正翔商业广场,99,2.5,12.6,0.4755,5.992,5.992,1.0,,Y
古茗(禹越振兴路店),古茗,发兴丽晶家电商场,243,2.2,0.6,1.0,0.6,0.6,,Y,
蜜雪冰城(孝丰店),蜜雪冰城,上海有多商场(孝丰店),89,2.5,1.6,0.8663,1.386,1.232,,Y,
CHAGEE霸王茶姬(吉祥苑店),霸王茶姬,正翔商业广场,87,2.0,12.6,0.3519,4.434,5.992,0.74,,Y
古茗(南浔适园路店),古茗,南方新世界商业广场,224,2.2,4.0,0.9523,3.809,3.809,,,
古茗(德清洛舍老直街店),古茗,龙盛百货(洛舍供销商场店),49,2.2,1.0,1.0,1.0,1.0,,Y,
CoCo都可(长兴欧尚店),CoCo,金宇金成广场,856,1.8,0.8,0.9872,0.79,0.79,,Y,
古茗(长兴海陆新都汇店),古茗,快乐购物超市(陈塘路店),795,2.2,0.8,0.9914,0.793,0.793,,Y,
古茗(长兴万达一楼店),古茗,万达广场(长兴店),82,2.2,1.8,0.8455,1.522,1.529,,Y,
古茗(泗安凤凰街店),古茗,凤凰商业街,128,2.2,0.6,0.9523,0.571,0.571,,Y,
沪上阿姨·精选茶饮(湖州南浔吾悅广场店),沪上阿姨,湖州南浔吾悦广场,67,1.8,5.0,0.4667,2.333,2.193,,,
古茗(南浔菱湖振兴路店),古茗,6 1财富步行街,267,2.2,1.0,1.0,1.0,1.0,,Y,
古茗(安吉环岛西路店),古茗,尚优玛特购物中心(银湾农贸市场店),156,2.2,2.6,1.0,2.6,2.6,,Y,
古茗(长兴九汇城店),古茗,长兴九汇城购物中心,57,2.2,4.2,0.8567,3.598,3.598,,,
古茗(安吉城东美颂广场店),古茗,安吉美颂广场,9,2.2,6.6,0.8375,5.527,5.285,,,
古茗(德清银泰城店),古茗,湖州德清银泰城,9,2.2,1.8,0.8635,1.554,1.554,,Y,
古茗(安吉恒隆府店),古茗,恒隆商业广场,50,2.2,1.2,0.9626,1.155,1.155,,Y,
沪上阿姨·精选茶饮(湖州德清正翔店),沪上阿姨,正翔商业广场,57,1.8,19.4,0.7577,14.7,5.992,2.4534,,Y
古茗(长兴金陵北路店),古茗,浙北购物中心/生活超市(金陵北路浙北大厦店),172,2.2,2.8,1.0,2.8,2.8,,Y,
LINLEE·手打柠檬茶(南浔吾悦店),LINLEE,湖州南浔吾悦广场,114,1.5,5.0,0.3803,1.902,2.193,,,
蜜雪冰城(湖州织里吾悦广场店),蜜雪冰城,吾悦广场(湖州织里店),76,2.5,3.4,0.8015,2.725,2.647,,,
古茗(织里吾悦广场店),古茗,吾悦广场(湖州织里店),19,2.2,3.6,0.7353,2.647,2.647,,,
蜜雪冰城(塘浦店),蜜雪冰城,全购生活广场,994,2.5,0.8,0.7394,0.591,0.571,,,
古茗(安吉塘铺街道店),古茗,全购生活广场,971,2.2,0.8,0.6872,0.55,0.571,,,
古茗(长兴水木花都店),古茗,浙北大厦(水木花都店),61,2.2,1.0,1.0,1.0,1.0,,Y,
古茗(南浔江蒋漾新村店),古茗,帅帅购物超市(江蒋漾新村二区店),34,2.2,1.4,1.0,1.4,1.4,,Y,
古茗(吴兴汇金商业中心),古茗,汇金商业购物中心(东部新城店),48,2.2,3.8,0.9251,3.516,3.516,,,
古茗(东林衹园路店),古茗,东林商城,324,2.2,2.0,1.0,2.0,2.0,,Y,
茶百道(湖州织里吾悦广场店),茶百道,吾悦广场(湖州织里店),52,1.8,3.6,0.6344,2.284,2.647,,,
煲珠公·老红糖珍珠奶茶(南浔吾悦广场店),煲珠公,人瑞路南浔吾悦广场内,136,1.4,4.2,0.4409,1.852,1.852,,,
古茗(南浔横街店),古茗,发联生活购物中心(横街店),60,2.2,1.0,1.0,1.0,1.0,,Y,
古茗(长兴五金城店),古茗,长兴太平洋商贸城,848,2.2,0.8,1.0,0.8,0.5,,Y,
CoCo都可(湖州南浔吾悦广场店),CoCo,湖州南浔吾悦广场,80,1.8,5.0,0.4942,2.471,2.193,,,
蜜雪冰城(中兴南路联华超市麦当劳南面),蜜雪冰城,步行街(蓝色港湾店),693,2.5,9.6,0.9843,9.449,9.449,,,
沪上阿姨·精选茶饮(安吉递铺中路店),沪上阿姨,安吉经典1958商业中心,96,1.8,7.0,0.559,3.913,4.228,,,
古茗(安吉安城店),古茗,桃城家具商场,87,2.2,1.0,1.0,1.0,1.0,,Y,
古茗(长兴煤山店),古茗,煤山购物中心(煤山镇店),69,2.2,0.4,1.0,0.4,0.4,,Y,
茶百道(湖州安吉孝丰镇店),茶百道,上海有多商场(孝丰店),148,1.8,1.4,0.7706,1.079,1.232,,,
古茗(安吉高禹路店),古茗,万家隆购物中心(高禹店),87,2.2,1.0,1.0,1.0,1.0,,Y,
蜜雪冰城(能源路店),蜜雪冰城,汇成生活购物广场(汇成大厦店),362,2.5,2.8,0.7134,1.997,1.921,,,
古茗(长兴夹浦轻纺城店),古茗,美润发生活超市(轻纺城店),18,2.2,1.8,1.0,1.8,1.8,,Y,
古茗(长兴港龙荟店),古茗,港龙荟(长兴店),36,2.2,1.8,1.0,1.8,1.8,,Y,
古茗(安吉物流园区店),古茗,长润购物中心,701,2.2,0.8,1.0,0.8,0.8,,Y,
古茗(安吉城西美颂广场),古茗,安吉美颂广场(城西店),91,2.2,2.6,1.0,2.6,2.6,,Y,
茶百道(织里珠江路店),茶百道,金海岸购物广场,60,1.8,3.4,0.9196,3.127,3.075,,,
古茗(越城伟立大厦店),古茗,镜湖中新广场,333,2.2,9.0,0.9938,8.945,8.945,,,
CHAGEE霸王茶姬(绍兴镜湖天街店),霸王茶姬,龙湖绍兴镜湖天街,139,2.0,4.2,0.6087,2.557,1.002,2.5524,,Y
茶百道(绍兴工业店),茶百道,颐高广场,483,1.8,15.4,0.3324,5.119,6.072,0.843,,Y
1点点(金时花园店),一点点,颐高广场,478,1.6,15.4,0.3096,4.768,6.072,0.7852,,Y
蜜雪冰城(工业店),蜜雪冰城,颐高广场,441,2.5,15.4,0.5968,9.191,6.072,1.5136,,Y
沪上阿姨·精选茶饮(绍兴龙湖镜湖天街店),沪上阿姨,龙湖绍兴镜湖天街,17,1.8,3.4,0.2413,0.821,1.002,0.8192,,Y
古茗(镜湖金滩大厦店),古茗,越发紫金广场,140,2.2,23.4,0.9405,22.007,22.007,,,
CoCo都可(镜湖天街店),CoCo,龙湖绍兴镜湖天街,51,1.8,3.4,0.3693,1.256,1.002,1.2535,,Y
宝圆圆·现炒珍珠奶茶(镜湖天街铂金岛店),宝圆圆,龙湖绍兴镜湖天街,3,1.3,3.4,0.1799,0.612,1.002,0.6106,,Y
蜜雪冰城(绍兴龙湖天街店),蜜雪冰城,龙湖绍兴镜湖天街,0,2.5,3.4,0.2946,1.002,1.002,1.0,,Y
古茗(曲屯路工业店),古茗,颐高广场,518,2.2,15.2,0.4901,7.45,6.072,1.2269,,Y
喜茶(绍兴镜湖龙湖天街店),喜茶,龙湖绍兴镜湖天街,121,2.0,4.2,0.6703,2.815,1.002,2.8108,,Y
霸王茶姬(浙江绍兴越城颐高广场店),霸王茶姬,颐高广场,13,2.0,13.2,0.46,6.072,6.072,1.0,,Y
CoCo都可(颐高广场店),CoCo,颐高广场,0,1.8,13.2,0.4053,5.35,6.072,0.8812,,Y
古茗(越城龙湖天街负一楼店),古茗,龙湖绍兴镜湖天街,3,2.2,3.4,0.2707,0.92,1.002,0.9189,,Y
蜜雪冰城(颐高广场店),蜜雪冰城,颐高广场,37,2.5,13.2,0.6083,8.03,6.072,1.3224,,Y
喜茶(绍兴袍江诚信路店),喜茶,永利购物中心,83,2.0,12.2,0.4491,5.479,4.126,1.3278,,Y
CHAGEE霸王茶姬(袍江昌民百货店),霸王茶姬,永利购物中心,40,2.0,12.2,0.3382,4.126,4.126,1.0,,Y
爷爷不泡茶NOYEYENOTEA(绍兴昌民百货店),爷爷不泡茶,永利购物中心,43,2.0,12.2,0.3442,4.2,4.126,1.0178,,Y
瑞幸咖啡(袍江大润发店),瑞幸,绍兴市特色商业街,107,2.2,7.4,0.91,6.734,7.8,,,
古茗(越城奥梦斯广场店),古茗,绍兴奥梦斯商业广场,38,2.2,3.4,0.6926,2.355,2.355,,,
蜜雪冰城(昌明街店),蜜雪冰城,绍兴市特色商业街,630,2.5,12.8,0.7442,9.526,7.8,,,
沪上阿姨-绍兴龙湖镜湖天街店,沪上阿姨,正大装饰商城东楼,324,1.8,4.8,0.9869,4.737,4.737,,,
茶百道(绍兴袍江诚信路店),茶百道,永利购物中心,64,1.8,11.4,0.262,2.987,4.126,0.7239,,Y
霸王茶姬(浙江绍兴旭辉广场店),霸王茶姬,绍兴旭辉Cmall,78,2.0,5.8,1.0,5.8,5.8,,,
瑞幸咖啡(正大装饰商城店),瑞幸,正大装饰商城,32,2.2,5.8,0.9912,5.749,5.749,,,
古茗(绍兴市人民医院店),古茗,千客隆购物中心,201,2.2,15.4,0.8937,13.763,13.395,,,
蜜雪冰城(奥梦斯广场店),蜜雪冰城,绍兴奥梦斯商业广场,12,2.5,2.6,0.7442,1.935,2.355,,,
沪上阿姨·精选茶饮(绍兴袍江育贤路店),沪上阿姨,永利购物中心,871,1.8,8.8,0.9088,7.997,4.126,1.9381,,Y
古茗(越城育贤东路店),古茗,永利购物中心,848,2.2,8.8,0.9729,8.561,4.126,2.0748,,Y
蜜雪冰城(中兴北路店),蜜雪冰城,千客隆购物中心,95,2.5,14.6,0.9175,13.395,13.395,,,
沪上阿姨·精选茶饮(绍兴袍江诚信路店),沪上阿姨,永利购物中心,60,1.8,12.2,0.2951,3.601,4.126,0.8726,,Y
LELECHA乐乐茶(古城北店),乐乐茶,绍兴·古城北商业综合体,48,1.6,3.0,0.9729,2.919,2.919,,,
茶百道(绍兴天悦城店),茶百道,长业天悦城大学城商业街区(群贤中路辅路店),18,1.8,14.8,0.3651,5.403,6.528,0.8277,,Y
古茗(越城昌明街店),古茗,绍兴市特色商业街,628,2.2,12.8,0.6926,8.865,7.8,,,
蜜雪冰城蜜雪冰城(永利中心店),蜜雪冰城,永利购物中心,39,2.5,11.4,0.3487,3.976,4.126,0.9635,,Y
爷爷不泡茶NOYEYENOTEA(绍兴天悦城店),爷爷不泡茶,长业天悦城大学城商业街区(群贤中路辅路店),19,2.0,14.8,0.4347,6.434,6.528,0.9856,,Y
1点点(站前大道店),一点点,天悦城商业中心,58,1.6,14.8,0.4786,7.084,7.084,,,
古茗(越城诚信路店),古茗,永利购物中心,72,2.2,11.4,0.3315,3.779,4.126,0.9158,,Y
蜜雪冰城(茂林路店),蜜雪冰城,绍兴奥梦斯商业广场,732,2.5,7.2,1.0,7.2,2.355,,,
裕莲茶楼(绍兴天地店),裕莲茶楼,绍兴天地,51,1.5,2.8,0.3484,0.976,0.94,1.0379,,Y
爷爷不泡茶NOYEYENOTEA(绍兴书圣故里店),爷爷不泡茶,小江烟酒(绍兴市智汇大酒店-购物中心店),422,2.0,8.4,0.9105,7.648,7.648,,,
茉莉奶白(绍兴国金大悦城店),茉莉奶白,绍兴国金大悦城,52,1.5,12.2,0.2357,2.876,3.626,0.7931,,Y
古茗(越城迎恩门店),古茗,巴鲁特时尚中心(迎恩门银泰购物中心店),120,2.2,3.6,0.7992,2.877,2.877,,,
霸王茶姬(浙江绍兴世贸广场店),霸王茶姬,世茂广场,46,2.0,8.0,0.6135,4.908,4.649,,,
沪上阿姨·精选茶饮(绍兴鲁迅故里店),沪上阿姨,咸亨酒店土特产商场(鲁迅中路店),134,1.8,11.2,0.452,5.062,5.89,,,
爷爷不泡茶NOYEYENOTEA(绍兴天地店),爷爷不泡茶,绍兴天地,54,2.0,3.4,0.4618,1.57,0.94,1.6706,,Y
古茗(绍兴国际财富中心店),古茗,绍兴市特色商业街,2,2.2,5.0,0.91,4.55,7.8,,,
蜜雪冰城(昌安街店),蜜雪冰城,千客隆购物中心,584,2.5,5.6,1.0,5.6,13.395,,,
OT另茶(绍兴天地店),OT另茶,绍兴天地,114,1.4,3.4,0.266,0.904,0.94,0.9621,,Y
CHAGEE霸王茶姬(绍兴国金大悦城店),霸王茶姬,绍兴国金大悦城,38,2.0,13.0,0.2932,3.811,3.626,1.0513,,Y
沪上阿姨·精选茶饮(绍兴国金大悦城店),沪上阿姨,绍兴国金大悦城,37,1.8,12.2,0.3122,3.808,3.626,1.0505,,Y
蜜雪冰城(天悦城店),蜜雪冰城,天悦城商业中心,31,2.5,15.6,0.5314,8.29,7.084,,,
CoCo都可(国商店),CoCo,绍兴市国商大厦(解放北路),62,1.8,8.0,0.4555,3.644,3.647,,,
CHAGEE霸王茶姬(绍兴八佰伴店),霸王茶姬,八佰伴(绍兴店),81,2.0,6.4,0.6831,4.372,3.897,,,
古茗(越城天悦城店),古茗,长业天悦城大学城商业街区(群贤中路辅路店),31,2.2,14.8,0.4598,6.805,6.528,1.0425,,Y
蜜雪冰城(百龙宾馆店),蜜雪冰城,精工车城西区,812,2.5,1.6,0.4849,0.776,0.724,,,
LELECHA乐乐茶(国金大悦城店),乐乐茶,绍兴国金大悦城,75,1.6,10.4,0.3686,3.834,3.626,1.0574,,Y
霸王茶姬(浙江绍兴袍江星潮广场店),霸王茶姬,星潮广场,104,2.0,1.0,0.5146,0.515,0.515,1.0,,Y
茉莉奶白(滨河商业中心6幢店),茉莉奶白,绍兴滨河商业管理有限公司,60,1.5,3.4,0.4071,1.384,1.828,,,
古茗(迪荡惠利街店),古茗,世茂·湖滨新天地,71,2.2,12.8,0.5606,7.176,7.176,,,
蜜雪冰城(新建北路店),蜜雪冰城,寻宝记商城,172,2.5,9.6,0.708,6.797,6.797,,,
LELECHA乐乐茶(绍兴天地店),乐乐茶,绍兴天地,73,1.6,2.0,0.4366,0.873,0.94,0.9291,,Y
CHAGEE霸王茶姬(浙江绍兴越城鲁迅故居店),霸王茶姬,咸亨酒店土特产商场(鲁迅中路店),156,2.0,11.8,0.4991,5.89,5.89,,,
古茗奶茶,古茗,嘉银广场,45,2.2,13.4,0.7916,10.608,10.608,,,
蜜雪冰城(滨河商业中心店),蜜雪冰城,绍兴滨河商业管理有限公司,76,2.5,2.6,0.6643,1.727,1.828,,,
古茗(越城八佰伴店),古茗,八佰伴(绍兴店),6,2.2,6.4,0.5349,3.423,3.897,,,
古茗(越城汤公路店),古茗,精工车城西区,816,2.2,1.6,0.4204,0.673,0.724,,,
古茗(越城府山西路店),古茗,国际摩尔城,605,2.2,4.8,0.8462,4.062,3.433,,,
古茗(越城滨河MALL店),古茗,绍兴滨河商业管理有限公司,54,2.2,3.4,0.5893,2.004,1.828,,,
蜜雪冰城(鲁迅路口店),蜜雪冰城,鲁迅故里-步行街,65,2.5,14.4,0.8104,11.669,10.929,,,
蜜雪冰城(北海店),蜜雪冰城,国际摩尔城,531,2.5,3.2,0.8766,2.805,3.433,,,
蜜雪冰城(仓桥直街店),蜜雪冰城,阳明轩商场,90,2.5,4.4,0.8135,3.58,3.58,,,
蜜雪冰城(惠利街店),蜜雪冰城,世茂·湖滨新天地,59,2.5,13.6,0.5632,7.659,7.176,,,
古茗(越城大悦城街边店),古茗,汇丰商场,42,2.2,10.0,0.5264,5.264,5.609,,,
CoCo都可(星潮广场店),CoCo,星潮广场,94,1.8,1.0,0.4342,0.434,0.515,0.8438,,Y
蜜雪冰城(绍兴城市广场店),蜜雪冰城,汇丰商场,1,2.5,9.8,0.6076,5.954,5.609,,,
1点点(百盛店),一点点,世茂广场,64,1.6,8.0,0.5487,4.39,4.649,,,
煲珠公·老红糖珍珠奶茶(国金大悦城店),煲珠公,绍兴国金大悦城,10,1.4,12.2,0.2424,2.957,3.626,0.8155,,Y
1点点(绍兴国金大悦城店),一点点,绍兴国金大悦城,2,1.6,13.0,0.2648,3.443,3.626,0.9495,,Y
1点点(袍江宝龙广场店),一点点,星潮广场,77,1.6,1.0,0.598,0.598,0.515,1.162,,Y
CoCo都可(绍兴世茂广场店),CoCo,湖滨商业街(世茂广场店),30,1.8,9.6,0.6395,6.139,6.139,,,
蜜雪冰城,蜜雪冰城,天悦城商业中心,588,2.5,5.6,1.0,5.6,7.084,,,
瑞幸咖啡,瑞幸,咸亨酒店土特产商场(鲁迅中路店),90,2.2,12.8,0.595,7.617,5.89,,,
CoCo都可(绍兴天地店),CoCo,绍兴天地,92,1.8,3.4,0.2977,1.012,0.94,1.077,,Y
沪上阿姨,沪上阿姨,星潮广场,75,1.8,1.0,0.4647,0.465,0.515,0.9029,,Y
古茗(越城冠城广场店),古茗,绍兴冠城商业广场,53,2.2,1.0,0.6053,0.605,0.901,,,
瑞幸咖啡(袍江滨河商业中心店),瑞幸,绍兴滨河商业管理有限公司,58,2.2,3.4,0.5671,1.928,1.828,,,
喜茶(绍兴银泰城店),喜茶,银泰百货(绍兴金帝店),39,2.0,4.2,0.2408,1.011,0.93,1.0876,,Y
爷爷不泡茶NOYEYENOTEA(绍兴金帝银泰店),爷爷不泡茶,王子商业街,90,2.0,4.4,0.1753,0.771,0.873,0.8838,,Y
霸王茶姬(浙江绍兴华联银泰城店),霸王茶姬,银泰百货(绍兴金帝店),47,2.0,4.4,0.2113,0.93,0.93,1.0,,Y
裕莲茶楼(绍兴金帝银泰城店),裕莲茶楼,银泰百货(绍兴金帝店),36,1.5,4.2,0.215,0.903,0.93,0.9709,,Y
蜜雪冰城(绍兴市浙江工业职业技术学院镜湖校区店),蜜雪冰城,长业天悦城大学城商业街区(群贤中路辅路店),942,2.5,2.4,0.9751,2.34,6.528,,Y,
古茗(越城星潮广场店),古茗,星潮广场,39,2.2,1.0,0.6416,0.642,0.515,1.2467,,Y
古茗(鲁迅东路二店),古茗,开元名都大酒店-商场,394,2.2,3.4,0.6385,2.171,1.992,,,
瑞幸咖啡(范蠡路世贸湖滨店),瑞幸,世茂·湖滨新天地,29,2.2,12.8,0.5056,6.472,7.176,,,
蜜雪冰城(人民路店),蜜雪冰城,嘉银广场,228,2.5,13.4,0.8396,11.251,10.608,,,
蜜雪冰城(水沟营店),蜜雪冰城,鲁迅故里-步行街,311,2.5,10.8,0.9434,10.188,10.929,,,
闲吉(绍兴天地店),闲吉,绍兴天地,52,1.1,2.8,0.2591,0.725,0.94,0.7717,,Y
古茗(胜利西路店),古茗,绍兴天地,444,2.2,5.0,0.9209,4.605,0.94,4.8991,,Y
古茗(越城农商校外店),古茗,波斯工巨汇工业品直销商城,757,2.2,4.0,0.4152,1.661,2.26,,,
蜜雪冰城(绍兴冠城商业广场店),蜜雪冰城,绍兴冠城商业广场,38,2.5,1.8,0.6644,1.196,0.901,,,
古茗(绍兴越城快阁苑店),古茗,偏门百货商场,662,2.2,0.0,0.8073,0.0,0.0,,Y,
蜜雪冰城(银泰王子商业街店),蜜雪冰城,王子商业街,61,2.5,5.0,0.299,1.495,0.873,1.7132,,Y
luckin coffee 瑞幸咖啡(越秀外国语学院镜湖校区店)(暂停营业),瑞幸,长业天悦城大学城商业街区(群贤中路辅路店),608,2.2,8.0,0.9159,7.327,6.528,1.1224,,Y
蜜雪冰城(银泰惠坊街店),蜜雪冰城,绍兴金帝银泰购物中心有限公司,126,2.5,6.0,0.4509,2.705,4.062,,,
沪上阿姨·精选茶饮(绍兴银泰王子商业街店),沪上阿姨,王子商业街,54,1.8,5.0,0.1847,0.923,0.873,1.0582,,Y
蜜雪冰城(鲁迅东路店),蜜雪冰城,开元名都大酒店-商场,320,2.5,4.2,0.6458,2.712,1.992,,,
1点点(越城王子商业街店),一点点,王子商业街,73,1.6,5.0,0.1745,0.873,0.873,1.0,,Y
茶百道(城东店),茶百道,开元名都大酒店-商场,387,1.8,3.4,0.5333,1.813,1.992,,,
茉酸奶( 绍兴越城银泰城店 ),茉酸奶,王子商业街,90,1.6,4.4,0.143,0.629,0.873,0.721,,Y
LINLEE·手打柠檬茶(金帝银泰城店),LINLEE,银泰百货金帝店免费寄包柜,77,1.5,4.4,0.1917,0.843,0.843,,,
古茗(越城金帝惠坊街店),古茗,绍兴金帝银泰购物中心有限公司,70,2.2,7.6,0.5345,4.062,4.062,,,
古茗(越秀外国语学院店),古茗,长业天悦城大学城商业街区(群贤中路辅路店),616,2.2,7.2,0.9197,6.622,6.528,1.0144,,Y
奈雪的茶(绍兴柯桥万达店),奈雪,步行街百货(绍兴柯桥万达广场店),160,1.8,5.2,0.3458,1.798,2.092,0.8598,,Y
古茗(越城惠坊街店),古茗,王子商业街,47,2.2,5.0,0.2384,1.192,0.873,1.3659,,Y
瑞幸咖啡,瑞幸,波斯工巨汇工业品直销商城,710,2.2,4.8,0.6351,3.049,2.26,,,
古茗(越城华联银泰城店),古茗,银泰百货(绍兴金帝店),117,2.2,6.0,0.4015,2.409,0.93,2.5906,,Y
1点点(越城鹤池苑店),一点点,开元名都大酒店-商场,337,1.6,3.4,0.4379,1.489,1.992,,,
蜜雪冰城(浙江农业商贸学院店),蜜雪冰城,波斯工巨汇工业品直销商城,804,2.5,4.8,0.5955,2.858,2.26,,,
古茗(越城银泰店),古茗,银泰百货(绍兴金帝店),49,2.2,4.4,0.2267,0.998,0.93,1.0727,,Y
茉莉奶白(绍兴柯桥万达店),茉莉奶白,步行街百货(绍兴柯桥万达广场店),152,1.5,6.8,0.3076,2.092,2.092,1.0,,Y
CoCo都可(绍兴八佰伴店),CoCo,绍兴市国商大厦(解放北路),60,1.8,8.2,0.4452,3.651,3.647,,,
闲吉(绍兴银泰店),闲吉,银泰百货(绍兴金帝店),31,1.1,4.2,0.1414,0.594,0.93,0.6387,,Y
爷爷不泡茶NOYEYENOTEA(绍兴柯桥万达金街店),爷爷不泡茶,步行街百货(绍兴柯桥万达广场店),104,2.0,6.0,0.4998,2.999,2.092,1.4339,,Y
古茗(越城银泰店),古茗,银泰百货金帝店免费寄包柜,93,2.2,4.4,0.2395,1.054,0.843,,,
CHAGEE霸王茶姬(浙江绍兴柯桥万达金街店),霸王茶姬,万达广场(绍兴柯桥店),166,2.0,6.8,0.6602,4.489,4.361,,,
CoCo都可(柯桥万达店),CoCo,万达广场(绍兴柯桥店),68,1.8,6.0,0.441,2.646,4.361,,,
古茗(柯桥兴齐路店),古茗,德元五金百货商场,193,2.2,1.2,1.0,1.2,1.2,,Y,
沪上阿姨·精选茶饮(绍兴农商院店),沪上阿姨,波斯工巨汇工业品直销商城,765,1.8,4.0,0.3366,1.346,2.26,,,
煲珠公·老红糖珍珠奶茶(金帝银泰城店),煲珠公,银泰百货(绍兴金帝店),37,1.4,4.2,0.2206,0.926,0.93,0.9962,,Y
古茗(越城文理校外店),古茗,绍兴金帝银泰购物中心有限公司,698,2.2,6.4,1.0,6.4,4.062,,,
1点点(绍兴柯桥万达广场店),一点点,步行街百货(绍兴柯桥万达广场店),158,1.6,5.2,0.295,1.534,2.092,0.7335,,Y
古茗(柯桥湖中路店),古茗,新天地XXO CLUB(屹男商业广场店),284,2.2,4.2,0.9957,4.182,4.182,,,
古茗(越城车站路店),古茗,千客隆购物中心(马山店),160,2.2,0.4,1.0,0.4,0.4,,Y,
蜜雪冰城(香水湾店),蜜雪冰城,邻里天地商厦,422,2.5,3.4,1.0,3.4,3.4,,,
喜茶(绍兴泓盛广场店),喜茶,泓盛广场,36,2.0,1.8,1.0,1.8,1.8,,Y,
贡茶(府山直街店),贡茶,嘉银广场,511,1.4,8.0,0.9458,7.566,10.608,,,
CoCo都可(绍兴银泰城店),CoCo,王子商业街,88,1.8,4.4,0.1568,0.69,0.873,0.7905,,Y
古茗(店口文昌路),古茗,诸暨市店口王明和家电商场,577,2.2,1.6,1.0,1.6,1.6,,Y,
麦记牛奶(绍兴柯桥古镇店),麦记牛奶,锦麟天地购物中心(笛扬路步行街店),268,1.4,2.4,0.4878,1.171,1.472,,,
麦记牛奶(金帝银泰店),麦记牛奶,银泰百货金帝店免费寄包柜,97,1.4,4.4,0.1427,0.628,0.843,,,
古茗(柯桥鉴湖路店),古茗,香满园川菜馆步行街店,111,2.2,4.6,0.7281,3.349,3.151,,,
古茗(柯桥银泰店),古茗,银泰百货(绍兴柯桥店),94,2.2,12.6,0.7768,9.787,9.579,,,
古茗(柯桥安昌店),古茗,上海如海生活广场(安昌店),214,2.2,1.0,0.9945,0.994,0.994,,Y,
古茗(诸暨大润发店),古茗,东兴文具自选商城(东兴二区店),550,2.2,7.2,1.0,7.2,7.2,,,
沪上阿姨·精选茶饮(绍兴鉴湖路店),沪上阿姨,香满园川菜馆步行街店,130,1.8,4.6,0.6419,2.953,3.151,,,
古茗(越城皋埠银桥店),古茗,千客隆购物广场,76,2.2,0.2,0.9904,0.198,0.198,,Y,
蜜雪冰城(万达金街店),蜜雪冰城,万达广场(绍兴柯桥店),70,2.5,7.6,0.5738,4.361,4.361,,,
古茗(柯桥金地店),古茗,利佰家商业广场,945,2.2,1.6,0.9033,1.445,1.445,,Y,
沪上阿姨·精选茶饮(绍兴诸暨万风新天地店),沪上阿姨,诸暨万风新天地,26,1.8,4.0,0.6047,2.419,2.419,,,
CHAGEE霸王茶姬(浙江绍兴柯桥马鞍滨海商业中心店),霸王茶姬,万客隆购物广场(滨海商业中心店),58,2.0,4.4,1.0,4.4,3.0,,,
古茗(平水农贸市场店),古茗,好又多生活购物广场,69,2.2,0.2,0.9872,0.197,0.594,,Y,
麦记牛奶(绍兴天地店),麦记牛奶,绍兴天地,90,1.4,3.4,0.2442,0.83,0.94,0.8833,,Y
CoCo都可(柯桥银泰店),CoCo,银泰百货(绍兴柯桥店),45,1.8,13.4,0.6993,9.37,9.579,,,
茶百道(上百万和城店),茶百道,上百万和城,33,1.8,5.2,0.5641,2.934,2.409,,,
古茗(柯桥港越路店),古茗,天汇广场,250,2.2,13.2,0.7984,10.539,10.062,,,
古茗(兰亭国际公寓店),古茗,宜佳购物中心,105,2.2,1.0,1.0,1.0,1.0,,Y,
蜜雪冰城(嵊州宝龙广场店),蜜雪冰城,嵊州宝龙广场,78,2.5,3.4,0.9819,3.339,3.339,,,
古茗(诸暨万风新天地西一楼店),古茗,KKV(诸暨万风新天地购物中心主力店),21,2.2,4.0,0.5498,2.199,2.346,,,
古茗(上虞舜杰路店),古茗,绍兴上虞上百万悦城,831,2.2,0.0,0.8214,0.0,0.0,,Y,
古茗(越城解放南路),古茗,城南购物中心(越兰大厦店),90,2.2,4.2,0.991,4.162,4.162,,,
茶百道(金帝星隆城店),茶百道,金帝柯桥星隆城,68,1.8,1.4,0.8642,1.21,1.21,,Y,
古茗(新昌鼓山中路店),古茗,新昌馆特产商场绍兴市祥和农业开发有限公司,172,2.2,1.8,1.0,1.8,1.8,,Y,
古茗(诸暨暨阳路店),古茗,奥莱超吉仓(诸暨一百店),43,2.2,3.0,0.8641,2.592,2.592,,,
古茗奶茶(世贸店),古茗,世贸广场(新昌店),133,2.2,0.2,0.9784,0.196,0.196,,Y,
古茗(诸暨大唐商城北路店),古茗,盛唐中心广场,165,2.2,1.4,0.98,1.372,1.372,,Y,
古茗(诸暨暨阳北路店),古茗,振铭家电商场(永昌北路店),389,2.2,2.6,1.0,2.6,2.6,,Y,
古茗(柯桥中医院店),古茗,蓝天商业中心,705,2.2,2.4,1.0,2.4,5.018,,Y,
古茗(诸暨八一横路店),古茗,万风新世界,85,2.2,4.0,0.971,3.884,3.884,,,
CHAGEE霸王茶姬(浙江绍兴上虞万达店),霸王茶姬,万达广场(绍兴上虞店),67,2.0,7.4,0.7477,5.533,5.135,,,
沪上阿姨·精选茶饮(绍兴上虞舜杰路店),沪上阿姨,绍兴上虞上百万悦城,872,1.8,0.0,0.7549,0.0,0.0,,,
茶百道(轻纺店),茶百道,天汇广场,279,1.8,13.2,0.7261,9.584,10.062,,,
古茗(柯桥树人北门校外店),古茗,时代购物中心,606,2.2,0.0,1.0,0.0,0.0,,Y,
CoCo都可(上虞万和城店),CoCo,上百万和城,24,1.8,4.4,0.5475,2.409,2.409,,,
古茗(次坞上峰路店),古茗,恒昌商场,156,2.2,1.0,1.0,1.0,1.0,,Y,
古茗(上虞永兴路店),古茗,东关供销购物中心,118,2.2,2.6,1.0,2.6,2.6,,Y,
CoCo都可(嵊州吾悦店),CoCo,嵊州吾悦广场,59,1.8,2.6,0.8737,2.272,2.272,,Y,
古茗(诸暨宝龙负一楼店),古茗,诸暨宝龙广场,92,2.2,6.8,1.0,6.8,6.8,,,
茶百道(绍兴蓝天商业中心店),茶百道,蓝天商业中心,64,1.8,8.6,0.888,7.636,5.018,,,
蜜雪冰城(柯桥万达金街二店),蜜雪冰城,步行街百货(绍兴柯桥万达广场店),161,2.5,6.8,0.3876,2.636,2.092,1.2601,,Y
古茗(上虞万达店),古茗,万达广场(绍兴上虞店),43,2.2,5.8,0.8167,4.737,5.135,,,
麦记牛奶(上虞上百万和城店),麦记牛奶,上百万和城,0,1.4,4.4,0.4668,2.054,2.409,,,
古茗(诸暨万风盒马西负一店),古茗,万风新天地东楼,63,2.2,4.8,0.8242,3.956,3.956,,,
古茗(诸暨福田花园店),古茗,一百城东商业广场,160,2.2,1.4,1.0,1.4,1.4,,Y,
古茗(越城沥海海东路店),古茗,左轮轻奢鞋帽服饰商城,70,2.2,0.8,0.8831,0.706,0.706,,Y,
古茗(诸暨大唐永新店),古茗,永新广场,52,2.2,2.6,1.0,2.6,2.6,,Y,
古茗(柯桥宝龙广场店),古茗,绍兴柯桥宝龙广场,91,2.2,9.8,0.8816,8.64,8.64,,,
古茗(柯桥镜海大道店),古茗,万客隆购物广场(滨海商业中心店),782,2.2,1.6,1.0,1.6,3.0,,Y,
古茗(山下湖商业广场),古茗,珠宝城商业广场,23,2.2,1.4,1.0,1.4,1.4,,Y,
古茗(嵊州四海路店),古茗,苏杭鞋服商场(嵊州店),143,2.2,3.0,0.9953,2.986,2.986,,,
古茗(诸暨万达店),古茗,万达广场(诸暨店),133,2.2,5.0,0.9866,4.933,4.933,,,
古茗(柯桥万达金街二店),古茗,步行街百货(绍兴柯桥万达广场店),127,2.2,6.0,0.4203,2.522,2.092,1.2058,,Y
古茗(新昌兔毛西镇店),古茗,恒杰·檀香国际商业街,173,2.2,1.8,1.0,1.8,1.8,,Y,
古茗(诸暨健民路店),古茗,万塘汇潮生活广场,971,2.2,1.6,1.0,1.6,1.6,,Y,
茶百道(绍兴万达店),茶百道,步行街百货(绍兴柯桥万达广场店),162,1.8,6.8,0.285,1.938,2.092,0.9266,,Y
麦记牛奶(万风新天地店),麦记牛奶,诸暨万风新天地西楼,26,1.4,4.0,0.626,2.504,2.504,,,
蜜雪冰城(新昌万达2号门店),蜜雪冰城,来星百汇商城,121,2.5,4.4,0.7148,3.145,2.824,,,
蜜雪冰城(平水店),蜜雪冰城,好又多生活购物广场,377,2.5,1.0,0.9901,0.99,0.594,,Y,
喜茶(绍兴越城沥海店),喜茶,滨海购物中心,44,2.0,0.8,0.8619,0.69,0.69,,Y,
茶百道(新昌海洋城店),茶百道,来星百汇商城,111,1.8,4.4,0.5689,2.503,2.824,,,
蜜雪冰城(万风广场西楼店),蜜雪冰城,KKV(诸暨万风新天地购物中心主力店),48,2.5,4.0,0.6232,2.493,2.346,,,
蜜雪冰城(柯桥古镇笛扬商苑店),蜜雪冰城,锦麟天地购物中心(笛扬路步行街店),255,2.5,2.4,0.739,1.774,1.472,,,
爷爷不泡茶NOYEYENOTEA(金华世贸广场店),爷爷不泡茶,金华世贸城市广场,94,2.0,27.4,0.2548,6.982,6.982,1.0,,Y
裕莲茶楼(金华世贸城市广场店),裕莲茶楼,金华世贸城市广场,68,1.5,29.8,0.2045,6.094,6.982,0.8727,,Y
霸王茶姬(金华世贸城市广场店),霸王茶姬,Zhouz周周服装店步行街店,85,2.0,27.2,0.2939,7.995,7.995,,,
茉莉奶白(金华世贸城市广场店),茉莉奶白,金华世贸城市广场,0,1.5,28.6,0.2521,7.209,6.982,1.0325,,Y
茉酸奶(金华世贸广场店),茉酸奶,金华世贸城市广场,6,1.6,29.0,0.1249,3.621,6.982,0.5186,,Y
CoCo都可(世贸广场店),CoCo,金华世贸城市广场,97,1.8,27.4,0.2436,6.674,6.982,0.9559,,Y
奈雪的茶(金华世贸城市广场店),奈雪,金华兰溪街商业步行街,50,1.8,30.2,0.2404,7.26,7.26,1.0,,Y
煲珠公·老红糖珍珠奶茶(金华世贸店),煲珠公,金华世贸城市广场,89,1.4,28.0,0.1822,5.102,6.982,0.7307,,Y
周四晚·不止碰到茶(金华世贸城市广场店),周四晚,金华兰溪街商业步行街,59,1.6,31.0,0.3264,10.12,7.26,1.3939,,Y
LINLEE·手打柠檬茶(婺城世贸广场店),LINLEE,金华世贸城市广场,0,1.5,28.6,0.2521,7.209,6.982,1.0325,,Y
古茗(金华世贸广场四楼),古茗,金华世贸城市广场,0,2.2,28.6,0.3308,9.461,6.982,1.3549,,Y
蜜雪冰城(金华世贸城市广场店),蜜雪冰城,Zhouz周周服装店步行街店,100,2.5,20.2,0.4444,8.977,7.995,,,
古茗(婺城世贸城市广场店),古茗,金华兰溪街商业步行街,73,2.2,31.0,0.2881,8.932,7.26,1.2303,,Y
沪上阿姨·精选茶饮(金华婺城世贸城市广场店),沪上阿姨,金华世贸城市广场,0,1.8,28.6,0.288,8.236,6.982,1.1795,,Y
1点点(金华世贸广场店),一点点,金华兰溪街商业步行街,67,1.6,31.0,0.2122,6.579,7.26,0.9062,,Y
蜜雪冰城(江南银泰店),蜜雪冰城,银泰仓,57,2.5,28.2,0.3304,9.318,8.106,,,
霸王茶姬(浙江金华之心店),霸王茶姬,银泰百货(金华之心店),50,2.0,8.2,0.7829,6.419,7.04,,,
古茗(婺城世贸城市广场店),古茗,Zhouz周周服装店步行街店,98,2.2,20.2,0.3922,7.922,7.995,,,
沪上阿姨鲜果茶(金华婺城兰溪步行街店),沪上阿姨,银泰仓,56,1.8,27.4,0.251,6.878,8.106,,,
奈雪的茶(金华之心店),奈雪,银泰百货(金华之心店),108,1.8,9.0,0.8512,7.661,7.04,,,
古茗(婺城江南银泰仓店),古茗,银泰仓,55,2.2,28.2,0.2874,8.106,8.106,,,
蜜雪冰城(金华商城店),蜜雪冰城,金华商城,175,2.5,19.6,0.8035,15.749,15.749,,,
古茗(婺城宾虹路店),古茗,金华第一百货(江南店),634,2.2,20.0,0.9226,18.452,18.452,,,
蜜雪冰城(十五中24h店),蜜雪冰城,大马家具大商场,452,2.5,25.0,0.8137,20.342,15.836,,,
古茗(永康街店),古茗,大马家具大商场,564,2.2,17.6,0.8325,14.653,15.836,,,
沪上阿姨·精选茶饮(三路口店),沪上阿姨,健康未来商城,242,1.8,19.4,0.4756,9.227,10.112,0.9125,,Y
蜜雪冰城(永康街店),蜜雪冰城,大马家具大商场,506,2.5,18.4,0.8607,15.836,15.836,,,
茶百道(金华东莱路店),茶百道,古子城步行街夜市,499,1.8,16.2,0.5878,9.522,10.658,,,
CoCo都可(金帆街店),CoCo,健康未来商城,260,1.8,23.4,0.5088,11.906,10.112,1.1775,,Y
古茗(婺城新世纪花园店),古茗,金笑商场(金华国贸大厦店),508,2.2,16.8,0.8625,14.489,13.668,,,
1点点(金华三路口店),一点点,健康未来商城,268,1.6,19.6,0.4384,8.593,10.112,0.8498,,Y
蜜雪冰城,蜜雪冰城,金笑商场(金华国贸大厦店),608,2.5,14.4,0.8921,12.846,13.668,,,
LINLEE·手打柠檬茶(金磐路店),LINLEE,健康未来商城,269,1.5,13.4,0.7546,10.112,10.112,1.0,,Y
古茗(八一南街五中店),古茗,金发广场,359,2.2,17.4,0.9768,16.997,16.997,,,
蜜雪冰城(大润发店),蜜雪冰城,健康未来商城,241,2.5,21.2,0.5746,12.182,10.112,1.2048,,Y
古茗(婺城东莱路店),古茗,古子城步行街夜市,504,2.2,15.2,0.7012,10.658,10.658,,,
霸王茶姬(婺城永盛购物广场店),霸王茶姬,永盛购物中心,9,2.0,10.6,0.1652,1.751,1.726,1.0144,,Y
蜜雪冰城(泰园街店),蜜雪冰城,商城花店,537,2.5,15.2,0.842,12.798,12.798,,,
茉莉奶白(金华永盛购物广场店),茉莉奶白,永盛购物中心,13,1.5,10.6,0.1325,1.405,1.726,0.814,,Y
古茗(婺城区中村店),古茗,金发颐高数码商场,706,2.2,16.0,0.5941,9.505,9.979,,,
喜茶(金华永盛店),喜茶,永盛购物中心,15,2.0,10.6,0.1605,1.701,1.726,0.9856,,Y
蜜雪冰城(明伦街店),蜜雪冰城,金发颐高数码商场,705,2.5,16.0,0.6533,10.453,9.979,,,
古茗(婺城兰溪街店),古茗,逸品食品商场(保集半岛店),217,2.2,8.2,0.9298,7.624,6.647,,,
蜜雪冰城(和信路店),蜜雪冰城,逸品食品商场(保集半岛店),117,2.5,6.0,0.9448,5.669,6.647,,,
蜜雪冰城(东莱路店),蜜雪冰城,古子城步行街夜市,541,2.5,16.8,0.7843,13.176,10.658,,,
爷爷不泡茶NOYEYENOTEA(金华永盛店),爷爷不泡茶,永盛购物中心,22,2.0,10.6,0.1962,2.079,1.726,1.2049,,Y
蜜雪冰城,蜜雪冰城,银泰广场,89,2.5,8.4,0.9817,8.247,8.247,,,
李若桃·手作酸奶铺(金华永盛店),李若桃,西市街商业步行街,45,1.4,10.6,0.1439,1.525,1.525,,,
古茗(婺城下马滩新区店),古茗,镇左购物中心,240,2.2,5.8,0.8773,5.088,5.531,,,
煲珠公·老红糖珍珠奶茶(金华永盛店),煲珠公,永盛购物中心,4,1.4,10.6,0.1145,1.213,1.726,0.703,,Y
蜜雪冰城(下马滩店),蜜雪冰城,镇左购物中心,217,2.5,8.2,0.7286,5.974,5.531,,,
春莱·老挝冰咖啡·泰式奶茶(世贸店)(暂停营业),春莱,金华兰溪街商业步行街,82,1.4,31.0,0.2034,6.306,7.26,0.8686,,Y
古茗(永盛购物广场三楼店),古茗,西市街商业步行街,15,2.2,10.6,0.1997,2.117,1.525,,,
1点点(金华永盛广场店),一点点,西市街商业步行街,20,1.6,10.6,0.1416,1.501,1.525,,,
蜜雪冰城(恒大百货店),蜜雪冰城,恒大百货,52,2.5,10.6,0.3372,3.574,3.029,,,
蜜雪冰城(第一百货店),蜜雪冰城,金华永盛购物中心B馆,52,2.5,9.8,0.3814,3.738,4.258,,,
古茗(婺城区恒大百货店),古茗,恒大百货,39,2.2,10.6,0.2857,3.029,3.029,,,
CoCo都可(恒大步行街店),CoCo,恒大百货,39,1.8,9.8,0.2846,2.789,3.029,,,
奈雪的茶(金华世贸购物中心店),奈雪,帝壹城,135,1.8,10.6,0.5452,5.779,5.779,,,
古茗(婺城江北夜市店),古茗,金华永盛购物中心B馆,72,2.2,9.8,0.4876,4.778,4.258,,,
古茗(婺城解放西路店),古茗,万邦自选商场(常平路店),493,2.2,5.8,0.8542,4.954,4.954,,,
蜜雪冰城,蜜雪冰城,永盛购物中心,12,2.5,10.6,0.2015,2.135,1.726,1.2374,,Y
CHAGEE霸王茶姬(浙江金华万达广场店),霸王茶姬,万达广场(金华金东店),108,2.0,23.8,0.4453,10.598,6.217,1.7048,,Y
爷爷不泡茶NOYEYENOTEA(金华金东万达店),爷爷不泡茶,万达广场(金华金东店),131,2.0,23.6,0.4558,10.758,6.217,1.7305,,Y
1点点(金华万达广场店),一点点,万达广场(金华金东店),43,1.6,25.4,0.1975,5.016,6.217,0.8069,,Y
喜茶(金华万达广场店),喜茶,万达广场(金华金东店),44,2.0,24.6,0.2478,6.095,6.217,0.9804,,Y
CHAGEE霸王茶姬(金开·和悦邻里中心店),霸王茶姬,金开·和悦邻里,32,2.0,1.0,0.6978,0.698,0.698,,,
茶百道(金华万达店),茶百道,万达广场(金华金东店),62,1.8,25.4,0.228,5.791,6.217,0.9315,,Y
古茗(金华万达城市店),古茗,万达广场(金华金东店),40,2.2,25.4,0.2483,6.306,6.217,1.0143,,Y
CoCo都可(金华万达广场店),CoCo,万达广场(金华金东店),48,1.8,25.4,0.223,5.664,6.217,0.9111,,Y
LINLEE·手打柠檬茶(金东万达金街店),LINLEE,万达广场(金华店)-东区,63,1.5,24.6,0.3827,9.414,8.446,,,
蜜雪冰城(金华金东万达广场店),蜜雪冰城,万达广场(金华金东店),77,2.5,25.4,0.321,8.153,6.217,1.3115,,Y
蜜雪冰城(龙川路店),蜜雪冰城,金开·和悦邻里,538,2.5,0.8,0.8456,0.676,0.698,,Y,
古茗(婺城和悦邻里店),古茗,金开·和悦邻里,2,2.2,1.0,0.7357,0.736,0.698,,,
古茗(婺城博联东路店),古茗,新动力鞋服商场,13,2.2,0.2,0.6794,0.136,0.527,,,
古茗(金华火车站美食广场店),古茗,金华太阳城建材市场,451,2.2,1.8,0.5366,0.966,0.781,,,
古茗(金东万达三楼店),古茗,万达广场(金华金东店),34,2.2,25.4,0.2447,6.217,6.217,1.0,,Y
蜜雪冰城(秋滨店),蜜雪冰城,新动力鞋服商场,571,2.5,1.6,0.9679,1.549,0.527,,Y,
古茗(婺城缤纷名座店),古茗,缤纷名座,25,2.2,2.6,0.8153,2.12,1.826,,Y,
瑞幸咖啡(金华秋滨店),瑞幸,新动力鞋服商场,342,2.2,1.0,0.9079,0.908,0.527,,Y,
蜜雪冰城(湖海城市花园店),蜜雪冰城,缤纷名座,87,2.5,1.8,0.8508,1.531,1.826,,Y,
快乐番薯(金华婺城东方巴黎店),快乐番薯,银泰百货A馆,499,1.4,2.6,0.9859,2.563,2.563,,Y,
CHAGEE霸王茶姬(浙江金华望湖领悦广场店),霸王茶姬,金华望湖领悦广场,166,2.0,0.2,0.6799,0.136,0.116,1.1725,,Y
沪上阿姨·精选茶饮(金华金东万达店),沪上阿姨,万达广场(金华店)-东区,74,1.8,25.4,0.2944,7.477,8.446,,,
爷爷不泡茶NOYEYENOTEA(金华望湖领悦广场),爷爷不泡茶,金华望湖领悦广场,31,2.0,0.2,0.5142,0.103,0.116,0.8868,,Y
古茗(金华万达微笑市集),古茗,万达广场(金华金东店),8,2.2,25.4,0.2764,7.019,6.217,1.1291,,Y
蜜雪冰城(金华站24h店),蜜雪冰城,金华太阳城建材市场,429,2.5,1.0,0.5965,0.597,0.781,,,
古茗(金华望湖领悦广场),古茗,金华望湖领悦广场,146,2.2,0.2,0.6975,0.139,0.116,1.2029,,Y
瑞幸咖啡(金华望湖领悦广场店),瑞幸,金华望湖领悦广场,25,2.2,0.2,0.5532,0.111,0.116,0.9541,,Y
蜜雪冰城(世纪如海广场店),蜜雪冰城,新动力鞋服商场,21,2.5,0.2,0.7325,0.147,0.527,,,
1点点,一点点,金华望湖领悦广场,56,1.6,0.2,0.6065,0.121,0.116,1.0459,,Y
LINLEE林里·手打柠檬茶(金华望湖领悦广场店),LINLEE,金华望湖领悦广场,607,1.5,0.0,1.0,0.0,0.116,,Y,
CHAGEE霸王茶姬(浙江金华金东紫金城店),霸王茶姬,涵碧·紫金城购物中心,107,2.0,2.6,0.9259,2.407,2.237,,Y,
沪上阿姨鲜果茶(金华金东紫金城店),沪上阿姨,涵碧·紫金城购物中心,57,1.8,2.6,0.7952,2.068,2.237,,,
裕莲茶楼(义乌天地店),裕莲茶楼,义乌天地,84,1.5,3.4,0.5784,1.967,2.639,,,
tankoko泰柯茶园,Tamkoko泰柯茶园,义乌之心,0,1.2,4.0,0.3169,1.267,1.53,,,
沪上阿姨·精选茶饮(金华义乌杨村店),沪上阿姨,zhio菲凡百货商城,20,1.8,5.6,0.9641,5.399,5.399,,,
麦记牛奶(义乌天地店),麦记牛奶,义乌天地,141,1.4,4.0,0.6934,2.774,2.639,,,
茉莉奶白(义乌天地店),茉莉奶白,义乌天地,136,1.5,4.2,0.6284,2.639,2.639,,,
麦记牛奶(横店万盛南街店),麦记牛奶,禹阳路精品商业街,47,1.4,6.8,0.4735,3.22,3.711,,,
古茗(义乌数贸中心店),古茗,SadCity疯狂购物城,107,2.2,1.2,1.0,1.2,1.2,,Y,
茶百道(万盛南街店),茶百道,横店美食街(横店商业步行街店),205,1.8,1.2,0.8563,1.028,2.607,,Y,
茶百道(金华义乌宾王店),茶百道,赵宅商业街,560,1.8,2.4,0.5636,1.353,1.422,,,
古茗(义乌宾王文创园),古茗,赵宅商业街,633,2.2,1.6,0.9094,1.455,1.422,,Y,
爷爷不泡茶,爷爷不泡茶,义乌商城(银海国际商务中心店),313,2.0,7.0,0.9189,6.432,4.957,,,
古茗(新光太平洋店),古茗,见大未来天地,95,2.2,2.0,0.8646,1.729,1.729,,Y,
LINLEE·手打柠檬茶(义乌万达店),LINLEE,万达广场(金华义乌店),119,1.5,9.0,0.558,5.022,5.134,0.9782,,Y
奈雪的茶(永康宝龙广场店),奈雪,永康宝龙广场,53,1.8,7.8,0.958,7.472,7.472,,,
古茗(横店万盛南街店),古茗,横店美食街(横店商业步行街店),73,2.2,4.4,0.8037,3.536,2.607,1.3565,,Y
古茗(义乌三挺路店),古茗,赵宅商业街,541,2.2,2.4,0.5927,1.422,1.422,,,
蜜雪冰城(义乌绿地朝阳门店),蜜雪冰城,义乌心潮里地下商业街,71,2.5,3.8,0.7678,2.917,2.917,,,
CoCo都可(义乌吾悦广场店),CoCo,吾悦广场(义乌店),101,1.8,4.4,0.6329,2.785,2.785,,,
CoCo都可(义乌万达店),CoCo,万达广场(金华义乌店),37,1.8,9.8,0.5239,5.134,5.134,1.0,,Y
古茗(义乌之心店),古茗,银泰百货(义乌店),213,2.2,3.8,0.4529,1.721,1.832,,,
古茗(兰溪宝龙店),古茗,兰溪宝龙广场,159,2.2,1.2,0.9368,1.124,1.198,,Y,
古茗(义乌长春店),古茗,商城·福田印象,488,2.2,6.6,0.7225,4.768,4.928,,,
LINLEE·手打柠檬茶(义乌之心店),LINLEE,义乌之心,14,1.5,4.0,0.4095,1.638,1.53,,,
古茗(横店花厅夜市店),古茗,禹阳路精品商业街,42,2.2,6.8,0.7181,4.883,3.711,,,
蜜雪冰城(浙江师范大学店),蜜雪冰城,浙江师范大学校内商业街,5,2.5,14.6,0.9053,13.217,11.63,,,
蜜雪冰城(义乌万达广场1-115号十足隔壁),蜜雪冰城,万达广场(金华义乌店),119,2.5,11.4,0.7248,8.263,5.134,1.6095,,Y
茶百道(金华义乌贝村路店),茶百道,好乐购商场,379,1.8,9.0,1.0,9.0,9.0,,,
古茗(永康夏溪夜市店),古茗,客乐多购物广场(曹园店),187,2.2,2.0,1.0,2.0,2.0,,Y,
古茗(横店京辰里店),古茗,京辰里商业街,108,2.2,7.6,0.6896,5.241,5.884,,,
麦记牛奶(义乌之心店),麦记牛奶,义乌之心,14,1.4,4.0,0.3824,1.53,1.53,,,
蜜雪冰城,蜜雪冰城,义乌青口宝龙广场,237,2.5,4.2,0.679,2.852,3.239,,,
春莱(春莱·泰式奶茶·老挝冰咖啡(横店店)),春莱,京辰里商业街,401,1.4,6.8,0.9598,6.527,5.884,,,
LINLEE·手打柠檬茶(永康溪中东路店),LINLEE,众策机电灯饰家私商场,440,1.5,0.2,0.732,0.146,0.158,,,
CoCo都可茶饮(东阳横店万盛街店),CoCo,禹阳路精品商业街,73,1.8,6.0,0.6891,4.135,3.711,,,
蜜雪冰城(吾悦广场店),蜜雪冰城,吾悦广场(义乌店),162,2.5,4.6,0.8295,3.816,2.785,,,
茶百道(义乌工商学院店),茶百道,五爱库存专业街,313,1.8,12.2,0.5409,6.599,7.189,,,
古茗(婺城万泰奥莱店),古茗,万泰·公园大道奥特莱斯,109,2.2,1.8,0.8882,1.599,1.599,,Y,
古茗(青口夜市店),古茗,义乌青口宝龙广场,248,2.2,4.2,0.5922,2.487,3.239,,,
古茗(义乌杨村店),古茗,德欣商业街D区,208,2.2,6.4,0.9832,6.292,6.292,,,
LINLEE·手打柠檬茶(义乌朝阳门店),LINLEE,绿地朝阳门商业中心,90,1.5,3.6,0.3796,1.366,1.499,,,
古茗(东阳江北之芯店),古茗,江北之芯商业街,29,2.2,4.2,1.0,4.2,2.9,,,
LINLEE·手打柠檬茶(义乌新光汇购物中心店),LINLEE,新光汇购物中心,1,1.5,12.4,0.6323,7.841,8.135,,,
1点点(SOHO·万达公寓B座店),一点点,万达广场(金华义乌店),53,1.6,9.8,0.4675,4.581,5.134,0.8924,,Y
古茗(义乌后宅店),古茗,义乌购物广场,88,2.2,3.4,1.0,3.4,3.4,,,
1点点(苏溪幸运路28号1楼店面),一点点,1718步行街,52,1.6,2.4,0.9635,2.312,2.312,,Y,
蜜雪冰城(佛堂古镇店),蜜雪冰城,新世纪服装商场(新世纪大厦店),86,2.5,1.6,1.0,1.6,1.6,,Y,
古茗(浦江黄宅新华店),古茗,女人街,157,2.2,0.4,1.0,0.4,0.4,,Y,
蜜雪冰城(工人西路店),蜜雪冰城,银泰百货(义乌店),219,2.5,3.8,0.5149,1.957,1.832,,,
古茗(青口北区店),古茗,义乌青口宝龙广场,305,2.2,5.0,0.808,4.04,3.239,,,
茶百道(义乌诚信二区店),茶百道,诚信欧亚风情街,462,1.8,1.8,0.9948,1.791,1.791,,Y,
古茗(婺城通江路店),古茗,丽华百货商场(工业街店),192,2.2,1.2,1.0,1.2,1.2,,Y,
古茗(婺城浙师大店),古茗,浙江师范大学校内商业街,93,2.2,11.4,0.881,10.043,11.63,,,
煲珠公·老红糖珍珠奶茶(新光汇店),煲珠公,新光汇购物中心,51,1.4,12.4,0.6798,8.43,8.135,,,
茶百道(金华义乌南城广场店),茶百道,杨村德欣商业街,258,1.8,6.4,0.9752,6.241,6.241,,,
古茗(浦江廿亩山店),古茗,欧乐家鞋服商场,61,2.2,1.0,1.0,1.0,1.0,,Y,
麦记牛奶(义乌万达店),麦记牛奶,万达广场(金华义乌店),76,1.4,5.8,0.6309,3.659,5.134,0.7128,,Y
LINLEE·手打柠檬茶(东阳亭塘店),LINLEE,江北之芯商业街,571,1.5,1.6,1.0,1.6,2.9,,Y,
古茗(东阳人民路店),古茗,金华第一百货(东阳店),95,2.2,1.4,0.9665,1.353,1.353,,Y,
蜜雪冰城国际商贸城店,蜜雪冰城,商城·福田印象,468,2.5,6.6,0.7707,5.087,4.928,,,
麦记牛奶(金华金东区万达店),麦记牛奶,万达广场(金华金东店),27,1.4,24.6,0.2033,5.002,6.217,0.8046,,Y
古茗(横店步行街店),古茗,横店美食街(横店商业步行街店),219,2.2,3.8,0.5762,2.189,2.607,0.8399,,Y
古茗(义乌义亭镇店),古茗,义亭之心,339,2.2,1.0,1.0,1.0,1.0,,Y,
古茗(金华义乌银海店),古茗,义乌商城(银海国际商务中心店),235,2.2,7.6,0.5925,4.503,4.957,,,
蜜雪冰城(苏杭情·新天地店),蜜雪冰城,北城之心,61,2.5,3.0,1.0,3.0,3.5,,,
麦记牛奶(兰溪宝龙广场店),麦记牛奶,兰溪宝龙广场,78,1.4,1.4,0.9086,1.272,1.198,,Y,
蜜雪冰城(银海店),蜜雪冰城,义乌商城(银海国际商务中心店),237,2.5,7.6,0.6522,4.957,4.957,,,
古茗(义乌绣湖里店),古茗,绣湖里商业中心,150,2.2,2.0,1.0,2.0,2.0,,Y,
CoCo都可(好乐多店),CoCo,好乐多(广场店),0,1.8,3.2,0.9645,3.087,3.087,,,
蜜雪冰城春晗店,蜜雪冰城,义乌鸿翔万体广场,412,2.5,2.6,0.7518,1.955,1.955,,,
古茗(义乌市青岩刘店),古茗,义乌江东广场,977,2.2,4.0,1.0,4.0,4.0,,,
古茗(义乌吾悦4楼店),古茗,吾悦广场(义乌店),92,2.2,3.6,0.7405,2.666,2.785,,,
古茗(金华义乌春晗店),古茗,义乌鸿翔万体广场,574,2.2,2.4,0.8895,2.135,1.955,,Y,
古茗(义乌下门一区店),古茗,万达广场(金华义乌店),612,2.2,10.4,0.9718,10.107,5.134,1.9686,,Y
古茗(东阳四合店),古茗,欧乐福购物中心(济慈路店),266,2.2,2.6,1.0,2.6,2.6,,Y,
沪上阿姨·精选茶饮(金华义乌春晗店),沪上阿姨,义乌鸿翔万体广场,441,1.8,2.6,0.6121,1.591,1.955,,,
古茗(东阳南马镇店),古茗,爱家鞋服商场(南马店),86,2.2,0.4,1.0,0.4,0.4,,Y,
麦记牛奶(金华永康万达店),麦记牛奶,万达广场(永康店),20,1.4,1.0,1.0,1.0,1.0,,Y,
古茗(东阳六石大兴南街店),古茗,世纪如海购物广场(六石店),196,2.2,1.8,1.0,1.8,1.8,,Y,
煲珠公·老红糖珍珠奶茶(义乌之心店),煲珠公,银泰百货(义乌店),154,1.4,4.0,0.458,1.832,1.832,,,
蜜雪冰城(夜市步行街24h店),蜜雪冰城,兴苏路商业街,330,2.5,2.0,0.9947,1.989,1.989,,Y,
LINLEE·手打柠檬茶(义乌青口店),LINLEE,义乌青口宝龙广场,451,1.5,4.2,0.8633,3.626,3.239,,,
古茗(永康之芯店),古茗,永康之芯城市购物广场,68,2.2,0.2,1.0,0.2,0.2,,Y,
古茗(兰溪游埠大街路店),古茗,游埠古街,34,2.2,0.2,1.0,0.2,0.2,,Y,
古茗(义乌工商学院校外店),古茗,五爱库存专业街,303,2.2,12.2,0.6377,7.78,7.189,,,
蜜雪冰城(万盛一店),蜜雪冰城,横店美食街(横店商业步行街店),189,2.5,4.6,0.6202,2.853,2.607,1.0943,,Y
LINLEE·手打柠檬茶(东阳横店万盛店),LINLEE,禹阳路精品商业街,68,1.5,6.8,0.4836,3.288,3.711,,,
沪上阿姨·精选茶饮(金华义乌城店路店),沪上阿姨,万达广场(金华义乌店),556,1.8,10.4,0.9175,9.542,5.134,1.8586,,Y
古茗(兰溪中央广场店),古茗,兰溪中央广场,125,2.2,1.4,1.0,1.4,1.4,,Y,
古茗(浦江中山南路店),古茗,恒昌·财富广场,744,2.2,0.0,1.0,0.0,0.0,,Y,
古茗(横店度假村店),古茗,横店美食街(横店商业步行街店),355,2.2,2.8,0.931,2.607,2.607,,Y,
古茗(义乌市九联店),古茗,菲凡百货商城,110,2.2,4.2,1.0,4.2,4.2,,,
麦记牛奶(义乌佛堂宝龙店),麦记牛奶,翔龙里·佛堂之心,29,1.4,0.4,1.0,0.4,0.4,,Y,
古茗(义乌凯吉路店),古茗,商城嘉和广场,731,2.2,1.6,1.0,1.6,1.6,,Y,
沪上阿姨·精选茶饮(金华义乌西田畈店),沪上阿姨,大型百货商场(麻车塘村1区店),442,1.8,0.2,1.0,0.2,0.2,,Y,
古茗(义乌振兴西路店),古茗,商城星座,694,2.2,4.0,1.0,4.0,4.0,,,
沪上阿姨·精选茶饮(金华义乌绿地朝阳门店),沪上阿姨,绿地朝阳门商业中心,86,1.8,3.6,0.4534,1.632,1.499,,,
蜜雪冰城(凌云菜市场店),蜜雪冰城,北城之心,897,2.5,4.0,1.0,4.0,3.5,,,
古茗(永康巴黎商街店),古茗,众策机电灯饰家私商场,492,2.2,0.2,0.8498,0.17,0.158,,Y,
1点点(衢州学院店),一点点,东方商厦(衢州西区店),160,1.6,13.8,0.7318,10.099,8.873,1.1382,,Y
茉莉奶白(衢州水亭门店),茉莉奶白,水亭门购物中心,171,1.5,15.6,0.7788,12.149,12.311,,,
霸王茶姬(浙江衢州吾悦金街店),霸王茶姬,西区吾悦广场店,19,2.0,20.6,0.2283,4.702,4.696,1.0013,,Y
古茗(衢职校外店),古茗,东方商厦(衢州西区店),349,2.2,17.0,0.4832,8.214,8.873,0.9257,,Y
蜜雪冰城(九华北大道衢职校外店),蜜雪冰城,东方商厦(衢州西区店),358,2.5,16.2,0.5331,8.637,8.873,0.9734,,Y
1点点(吾悦广场店),一点点,吾悦广场(衢州店),14,1.6,19.8,0.1829,3.622,3.711,,,
爷爷不泡茶NOYEYENOTEA(衢州吾悦广场店),爷爷不泡茶,吾悦广场金街,49,2.0,19.8,0.2795,5.535,4.878,1.1346,,Y
LINLEE·手打柠檬茶(鹿鸣岛银泰inPARK店),LINLEE,衢州鹿鸣岛银泰inPARK,53,1.5,0.4,0.85,0.34,3.465,,Y,
茶百道(衢州柯城吾悦广场新店),茶百道,吾悦广场(衢州店),34,1.8,19.8,0.192,3.801,3.711,,,
古茗(衢州吾悦广场店),古茗,吾悦广场(衢州店),14,2.2,19.8,0.2285,4.525,3.711,,,
LELECHA乐乐茶(鹿鸣岛inPARK店),乐乐茶,衢州鹿鸣岛银泰inPARK聚品惠JPH,34,1.6,0.4,0.7781,0.311,0.311,,,
茉酸奶( 衢州吾悦广场店 ),茉酸奶,西区吾悦广场店,7,1.6,20.8,0.1751,3.643,4.696,0.7756,,Y
CHAGEE霸王茶姬(国金中心店),霸王茶姬,国金中心,1,2.0,30.6,0.5016,15.348,19.308,,,
茶百道(衢州学院店),茶百道,东方商厦(衢州西区店),405,1.8,17.0,0.5781,9.828,8.873,1.1076,,Y
古茗(衢州水亭门景区店),古茗,水亭门购物中心,16,2.2,21.2,0.5807,12.311,12.311,,,
喜茶(衢州吾悦广场店),喜茶,吾悦广场金街,55,2.0,19.0,0.2567,4.878,4.878,1.0,,Y
LINLEE·手打柠檬茶(衢州吾悦广场店),LINLEE,吾悦广场(衢州店),21,1.5,20.6,0.1717,3.537,3.711,,,
沪上阿姨·精选茶饮(衢州吾悦广场金街店),沪上阿姨,西区吾悦广场店,15,1.8,20.8,0.2253,4.686,4.696,0.9978,,Y
蜜雪冰城(衢州吾悦广场店),蜜雪冰城,吾悦广场金街,55,2.5,19.0,0.3207,6.093,4.878,1.249,,Y
古茗(衢州吾悦第吾大道),古茗,西区吾悦广场店,11,2.2,20.6,0.228,4.696,4.696,1.0,,Y
CHAGEE霸王茶姬(衢州柯城鹿鸣岛银泰inPARK店),霸王茶姬,衢州鹿鸣岛银泰inPARK,222,2.0,7.0,0.9413,6.589,3.465,,,
益禾堂(衢州新城吾悦广场店),益禾堂,吾悦广场金街,47,1.7,19.8,0.2041,4.042,4.878,0.8286,,Y
喜茶(衢州国金中心店),喜茶,名都商厦,72,2.0,33.6,0.3857,12.961,10.483,1.2364,,Y
蜜雪冰城(水亭门店),蜜雪冰城,水亭门购物中心,8,2.5,22.0,0.6334,13.936,12.311,,,
茶理宜世(衢州吾悦店),茶理宜世,吾悦广场金街,48,1.5,19.8,0.1706,3.378,4.878,0.6925,,Y
luckin coffee瑞幸咖啡(颐高广场A座店),瑞幸,EGO颐高广场,69,2.2,22.2,0.6226,13.822,13.822,,,
1点点(国金中心店),一点点,名都商厦,75,1.6,33.6,0.312,10.483,10.483,1.0,,Y
古茗(衢州吾悦第吾大道),古茗,西区吾悦广场店,21,2.2,20.6,0.2506,5.162,4.696,1.0992,,Y
茶百道(南街店),茶百道,名都商厦,55,1.8,28.2,0.3296,9.296,10.483,0.8868,,Y
蜜雪冰城(坊门街32号店),蜜雪冰城,Boom Cup(衢州店),98,2.5,27.2,0.5591,15.208,15.208,,,
LINLEE林里·手打柠檬茶(坊门街店),LINLEE,名都商厦,40,1.5,29.6,0.3346,9.905,10.483,0.9449,,Y
古茗奶茶店,古茗,名都商厦,56,2.2,27.4,0.3983,10.912,10.483,1.0409,,Y
瑞幸咖啡(衢州南海路店),瑞幸,新湖景城商业街(新湖景城玫瑰园店),131,2.2,13.2,0.9012,11.896,11.109,,,
古茗(柯城下街店),古茗,国金中心,192,2.2,30.2,0.7704,23.267,19.308,,,
蜜雪冰城(中河沿店),蜜雪冰城,春天百货指尚女王,86,2.5,29.4,0.716,21.051,21.051,,,
古茗(衢州学院校内店),古茗,东方商厦(衢州西区店),733,2.2,11.2,0.6147,6.884,8.873,0.7759,,Y
蜜雪冰城(浮石路店),蜜雪冰城,浮石路北门商场,32,2.5,17.4,0.992,17.261,17.261,,,
古茗(柯城坊门街),古茗,坊门街商业步行街,21,2.2,28.8,0.8165,23.514,23.514,,,
爷爷不泡茶NOYEYENOTEA(衢州恒太城店),爷爷不泡茶,衢州南湖恒太城,82,2.0,20.8,0.4426,9.206,8.388,1.0975,,Y
蜜雪冰城(新湖景城店),蜜雪冰城,东方商厦(芹江东路店),102,2.5,14.0,0.9623,13.473,13.473,,,
霸王茶姬(浙江衢州柯城恒太城店),霸王茶姬,衢州南湖恒太城,17,2.0,19.2,0.3577,6.867,8.388,0.8187,,Y
沪上阿姨·精选茶饮(衢州南湖恒太城店),沪上阿姨,衢州南湖恒太城,26,1.8,19.2,0.3208,6.159,8.388,0.7343,,Y
古茗(中河沿店),古茗,春天百货(中河沿店),21,2.2,29.2,0.7038,20.552,21.313,,,
蜜雪冰城(衢州学院店),蜜雪冰城,东方商厦(衢州西区店),719,2.5,13.6,0.6698,9.109,8.873,1.0266,,Y
古茗(新湖景城兰馨苑店),古茗,新湖景城商业街(新湖景城玫瑰园店),99,2.2,11.0,0.9383,10.321,11.109,,,
蜜雪冰城(南湖恒太城店),蜜雪冰城,衢州南湖恒太城,76,2.5,19.2,0.4771,9.16,8.388,1.0921,,Y
古茗(衢州马站底店),古茗,春天百货(中河沿店),265,2.2,24.8,0.8901,22.074,21.313,,,
蜜雪冰冰城(荷一路店),蜜雪冰城,凯升广场,279,2.5,15.0,0.7251,10.876,10.548,,,
古茗(柯城南湖恒太城),古茗,衢州南湖恒太城,83,2.2,19.2,0.4369,8.388,8.388,1.0,,Y
辉屏贡茶,贡茶,东方商厦D座(劳动路店),59,1.4,19.0,0.6267,11.908,11.908,,,
蜜雪冰城(锦绣家园店),蜜雪冰城,衢州青悦里,538,2.5,7.2,1.0,7.2,7.2,,,
茶百道(衢州柯城爱琴海奥莱店),茶百道,大熊堡店(爱琴海购物公园奥特莱斯店),10,1.8,7.8,0.5477,4.272,4.473,,,
古茗(柯城荷一路店),古茗,凯升广场,251,2.2,15.6,0.6551,10.219,10.548,,,
沪上阿姨·精选茶饮(衢州柯城百汇路店),沪上阿姨,东方商厦(五环店),626,1.8,7.2,0.3039,2.188,2.674,0.8183,,Y
蜜雪冰城(三衢路店),蜜雪冰城,黎明布艺(中兴商务广场店),493,2.5,13.0,1.0,13.0,13.0,,,
茶百道(衢州百汇路店),茶百道,东方商厦(五环店),664,1.8,7.2,0.369,2.657,2.674,0.9936,,Y
古茗(柯城锦绣家园店),古茗,衢州青悦里,538,2.2,7.2,1.0,7.2,7.2,,,
CHAGEE霸王茶姬(浙江衢州爱琴海奥特莱斯店),霸王茶姬,大熊堡店(爱琴海购物公园奥特莱斯店),5,2.0,7.8,0.5992,4.674,4.473,,,
LINLEE·手打柠檬茶(百汇路店),LINLEE,东方商厦(五环店),707,1.5,6.4,0.4504,2.883,2.674,1.0781,,Y
蜜雪冰城(百汇路店),蜜雪冰城,东方商厦(五环店),613,2.5,7.2,0.4479,3.225,2.674,1.2062,,Y
古茗(百汇路店),古茗,东方商厦(五环店),643,2.2,7.2,0.3714,2.674,2.674,1.0,,Y
古茗(衢州双港中路店),古茗,东方商厦(荷四店),300,2.2,9.2,0.6693,6.158,6.158,,,
古茗(柯城荷四路店),古茗,东方商厦(裕丰店),71,2.2,8.2,0.9491,7.783,7.403,,,
蜜雪冰城(双港中路大方小区门口),蜜雪冰城,东方商厦(双港店),276,2.5,9.2,0.7271,6.689,6.689,,,
瑞幸咖啡(衢州南区荷花四路店),瑞幸,东方商厦(裕丰店),102,2.2,7.4,0.9491,7.024,7.403,,,
CHAGEE霸王茶姬(衢州柯城万达广场店),霸王茶姬,万达广场(衢州柯城店),86,2.0,18.6,0.6361,11.832,11.794,1.0032,,Y
霸王茶姬(浙江衢州柯城区新宏东方广场店),霸王茶姬,东方商厦(彩虹店),51,2.0,12.2,0.8789,10.723,6.047,,,
古茗(柯城十五田铺店),古茗,东方商厦(彩虹店),231,2.2,11.6,0.4669,5.416,6.047,,,
古茗(柯城十五田铺店),古茗,东方商厦(彩虹店),235,2.2,11.6,0.4624,5.364,6.047,,,
喜茶(衢州柯城万达广场店),喜茶,万达广场(衢州柯城店),80,2.0,18.6,0.6341,11.794,11.794,1.0,,Y
蜜雪冰城(十五田铺店),蜜雪冰城,东方商厦(彩虹店),250,2.5,9.8,0.6813,6.677,6.047,,,
古茗(衢州万达广场店),古茗,万达广场(衢州柯城店),82,2.2,17.8,0.5131,9.133,11.794,0.7744,,Y
1点点(衢州万达广场店),一点点,万达广场(衢州柯城店),82,1.6,17.8,0.3775,6.719,11.794,0.5697,,Y
蜜雪冰城(万达金街一楼),蜜雪冰城,万达广场(衢州柯城店),135,2.5,17.8,0.792,14.097,11.794,1.1953,,Y
古茗(衢江振兴西路店),古茗,东方商厦(通江店),138,2.2,6.0,0.561,3.366,3.901,,,
瑞幸咖啡(衢江振兴西路店),瑞幸,东方商厦(通江店),168,2.2,6.0,0.6502,3.901,3.901,,,
蜜雪冰城(俊涵奶茶店),蜜雪冰城,东方商厦(通江店),138,2.5,6.0,0.6519,3.912,3.901,,,
古茗(振兴中路店),古茗,纤美服饰商场,317,2.2,9.8,0.5966,5.847,6.063,,,
CHAGEE霸王茶姬(浙江衢州银泰城店),霸王茶姬,衢州银泰城,106,2.0,8.6,0.6261,5.384,2.77,1.9441,,Y
爷爷不泡茶NOYEYENOTEA(衢州银泰城店),爷爷不泡茶,衢州银泰城,3,2.0,7.8,0.3442,2.684,2.77,0.9693,,Y
蜜雪冰城(通浦路店),蜜雪冰城,纤美服饰商场,272,2.5,9.0,0.6977,6.279,6.063,,,
古茗(衢州银泰城店),古茗,衢州银泰城,3,2.2,7.8,0.366,2.855,2.77,1.0307,,Y
蜜雪冰城(衢江区振兴中路店),蜜雪冰城,纤美服饰商场,33,2.5,9.4,0.8673,8.153,6.063,,,
LELECHA乐乐茶,乐乐茶,衢州银泰城,16,1.6,7.8,0.2575,2.009,2.77,0.7253,,Y
古茗(衢州石梁镇店),古茗,国章购物中心,221,2.2,0.2,0.4758,0.095,0.102,,,
沪上阿姨鲜果茶(振兴中路店),沪上阿姨,纤美服饰商场,325,1.8,9.0,0.5434,4.89,6.063,,,
LINLEE·手打柠檬茶(衢州银泰城店),LINLEE,衢州银泰城,86,1.5,7.8,0.3402,2.654,2.77,0.9582,,Y
瑞幸咖啡(衢州银泰城店),瑞幸,衢州银泰城,108,2.2,7.8,0.4634,3.615,2.77,1.3051,,Y
蜜雪冰城(信安中路银泰店),蜜雪冰城,衢州银泰城,198,2.5,9.4,0.7337,6.897,2.77,2.4901,,Y
古茗(航埠镇大桥路店),古茗,信用百货商场,158,2.2,1.6,0.6516,1.043,1.079,,,
蜜雪冰城(航埠镇大桥路18号),蜜雪冰城,信用百货商场,131,2.5,1.6,0.6969,1.115,1.079,,,
瑞幸咖啡(巨化九洲大厦店),瑞幸,柯城区衢化街道九洲商城讯龙华为合作店,44,2.2,5.2,0.8595,4.47,4.47,,,
蜜雪冰城(柯城石梁镇店),蜜雪冰城,国章购物中心,221,2.5,0.2,0.5393,0.108,0.102,,,
霸王茶姬(衢江东方广场店),霸王茶姬,精品水果商城,159,2.0,12.6,0.8057,10.152,10.152,,,
茶百道(衢州柯城中央大道店),茶百道,东方商厦(巨化二店),370,1.8,2.0,0.6315,1.263,1.191,,,
古茗(柯城巨化店),古茗,东方商厦(巨化二店),335,2.2,1.2,0.6381,0.766,1.191,,,
喜茶(衢州衢江东方商厦店),喜茶,壳部落数码潮品(衢江东方广场东方商厦店),9,2.0,7.8,0.5932,4.627,4.627,,,
古茗(巨化文昌路店),古茗,衢化百货大楼,276,2.2,2.6,0.9538,2.48,2.48,,Y,
古茗(衢江东方广场店),古茗,东方商厦(衢江东方广场店),61,2.2,10.2,0.4743,4.838,5.635,0.8585,,Y
蜜雪冰城(巨化店),蜜雪冰城,东方商厦(巨化二店),294,2.5,1.6,0.7445,1.191,1.191,,,
1点点(衢江东方广场东方商厦店),一点点,东方商厦(衢江东方广场店),72,1.6,11.0,0.3702,4.072,5.635,0.7226,,Y
蜜雪冰城(衢江东方店),蜜雪冰城,东方商厦(衢江东方广场店),85,2.5,12.6,0.6068,7.646,5.635,1.3568,,Y
书亦烧仙草(衢江东方广场东方商厦店),书亦烧仙草,海澜之家(衢江东方广场东方商厦店),31,1.7,11.8,0.5008,5.91,10.249,,,
古茗(衢江求实路店),古茗,东方商厦(衢江东方广场店),761,2.2,8.0,0.7044,5.635,5.635,1.0,,Y
古茗(衢州通源南路店),古茗,凤凰汇商业街(衢州碧桂园店),421,2.2,4.2,0.5311,2.231,2.109,,,
古茗(衢江廿里镇店),古茗,东方商厦(廿里店),264,2.2,5.2,0.8634,4.49,4.029,,,
沪上阿姨·精选茶饮(衢州衢江沈家店),沪上阿姨,海澜之家(衢江东方广场东方商厦店),376,1.8,15.8,0.9233,14.589,10.249,,,
古茗(衢江碧桂园店),古茗,凤凰汇商业街(衢州碧桂园店),512,2.2,2.4,0.7888,1.893,2.109,,,
蜜雪冰城(廿里镇店),蜜雪冰城,东方商厦(廿里店),104,2.5,4.4,0.8606,3.787,4.029,,,
蜜雪冰城(府东苑店),蜜雪冰城,东方商厦(衢江东方广场店),775,2.5,8.0,0.7544,6.035,5.635,1.071,,Y
益禾堂(衢州东港盘龙广场店),益禾堂,华为合作店(东港盘龙商业广场),38,1.7,2.8,0.7625,2.135,2.135,,,
沪上阿姨·精选茶饮(衢州盘龙广场店),沪上阿姨,万客隆超市(盘龙商业广场店),21,1.8,2.0,0.7803,1.561,2.517,,,
蜜雪冰城(东港碧桂园店),蜜雪冰城,凤凰汇商业街(衢州碧桂园店),519,2.5,2.4,0.8282,1.988,2.109,,Y,
茶百道(衢州东港五路店),茶百道,万客隆超市(盘龙商业广场店),325,1.8,3.6,0.9651,3.474,2.517,,,
蜜雪冰城(通源南路店),蜜雪冰城,凤凰汇商业街(衢州碧桂园店),422,2.5,4.2,0.6185,2.598,2.109,,,
蜜雪冰城(中兴路店),蜜雪冰城,东方商厦(廿里店),382,2.5,4.4,0.9156,4.029,4.029,,,
古茗(衢江大洲镇店),古茗,东方商厦(滨二街),189,2.2,1.0,0.805,0.805,0.88,,Y,
蜜雪冰城(大洲镇店),蜜雪冰城,东方商厦(滨二街),31,2.5,1.0,0.9542,0.954,0.88,,Y,
古茗(衢江高家镇店),古茗,乐来购购物广场(高家店),189,2.2,0.2,0.9196,0.184,0.184,,Y,
古茗(衢州常山招贤店),古茗,新世纪购物(兴贤路店),175,2.2,1.0,1.0,1.0,1.0,,Y,
古茗(衢州杜泽店),古茗,东方商厦(杜泽店),183,2.2,0.4,0.8281,0.331,0.338,,Y,
古茗(衢州莲花镇店),古茗,东方商厦(莲花店),556,2.2,0.8,0.708,0.566,0.586,,,
蜜雪冰城(莲花店),蜜雪冰城,东方商厦(莲花店),583,2.5,0.8,0.7579,0.606,0.586,,,
蜜雪冰城(杜泽店),蜜雪冰城,东方商厦(杜泽店),199,2.5,0.4,0.8615,0.345,0.338,,Y,
喜茶(衢州龙游银泰百货店),喜茶,汉固达商城(巨龙路店),377,2.0,4.2,1.0,4.2,4.225,0.9941,,Y
1点点(太平东路店),一点点,汉固达商城(巨龙路店),618,1.6,7.2,0.444,3.196,4.225,0.7566,,Y
茉莉奶白(江山东方广场店),茉莉奶白,江山东方广场,0,1.5,3.8,0.3687,1.401,1.401,,,
1点点(龙游县人民南路店),一点点,东方广场超市(龙游东方广场店),85,1.6,8.4,0.6492,5.454,5.454,,,
爷爷不泡茶NOYEYENOTEA(衢州江山解放路店),爷爷不泡茶,通禄门城市商业街区A区,486,2.0,13.4,0.3272,4.385,4.44,0.9876,,Y
霸王茶姬(浙江衢州常山东方广场店),霸王茶姬,东方商厦(常山东方广场店),36,2.0,3.0,0.5693,1.708,1.769,,,
古茗(衢州常山芳村镇店),古茗,萱昕百货商场,58,2.2,0.2,1.0,0.2,0.2,,Y,
茶百道(龙游兴龙北路店),茶百道,汉固达商城(巨龙路店),347,1.8,9.0,0.4722,4.25,4.225,1.0059,,Y
蜜雪冰城(太平东路店),蜜雪冰城,汉固达商城(巨龙路店),626,2.5,7.2,0.6451,4.645,4.225,1.0994,,Y
古茗(衢江全旺镇店),古茗,吉购购物广场,226,2.2,0.2,0.9312,0.186,0.186,,Y,
麦记牛奶(衢州国金店),麦记牛奶,国金商场,52,1.4,24.8,0.5407,13.41,13.41,,,
古茗(江山城中路店),古茗,通禄门城市商业街区A区,433,2.2,14.6,0.4501,6.571,4.44,1.48,,Y
麦记牛奶(龙游南大门店),麦记牛奶,东方商厦(龙洲店),351,1.4,4.2,0.7974,3.349,3.252,,,
古茗(常山东方广场店),古茗,东方商厦(常山东方广场店),23,2.2,3.0,0.6098,1.829,1.769,,,
古茗(贺村贺康路店),古茗,雪丽百货商场,94,2.2,0.4,0.7144,0.286,0.334,,,
古茗(开化临湖路店),古茗,万和电器商场(芹南路店),351,2.2,3.6,0.7931,2.855,2.855,,,
古茗(江山虎山店),古茗,四季青商贸城,185,2.2,6.0,0.9405,5.643,5.777,,,
茶百道(江山城中路店),茶百道,通禄门城市商业街区A区,472,1.8,14.4,0.3122,4.495,4.44,1.0124,,Y
古茗(龙游湖镇店),古茗,湖镇老街(湖头街),381,2.2,1.4,0.6825,0.956,1.025,,,
古茗(江山峡口店),古茗,方明家具商场,445,2.2,0.2,0.575,0.115,0.121,,,
LINLEE·手打柠檬茶(常山定阳北路店),LINLEE,U都·新天地,78,1.5,10.0,0.394,3.94,4.582,0.8599,,Y
蜜雪冰城(城中路店),蜜雪冰城,通禄门城市商业街区A区,457,2.5,13.6,0.4516,6.142,4.44,1.3832,,Y
麦记牛奶(衢州银泰城店),麦记牛奶,衢州银泰城,9,1.4,7.8,0.1974,1.54,2.77,0.556,,Y
古茗(通禄门未来社区店),古茗,通禄门城市商业街区C区,16,2.2,15.6,0.9224,14.39,14.39,,,
古茗(常山定阳北路),古茗,U都·新天地,66,2.2,10.0,0.4895,4.895,4.582,1.0682,,Y
古茗(龙游人民南路店),古茗,骆驼(新东方广场东方商厦店),123,2.2,5.8,0.4743,2.751,2.724,,,
古茗(龙游大南门景区店),古茗,东方商厦(龙洲店),346,2.2,5.8,0.5607,3.252,3.252,,,
古茗(江山贺村二店),古茗,雪丽百货商场,161,2.2,0.4,0.9162,0.366,0.334,,Y,
古茗(衢州淤头镇店),古茗,江成家具商场,114,2.2,3.2,0.9635,3.083,3.096,,,
古茗(开化东方广场店),古茗,东方商厦开化购物中心,130,2.2,1.8,1.0,1.8,1.8,,Y,
古茗(江山石门镇店),古茗,登中家具商场,74,2.2,0.4,1.0,0.4,0.4,,Y,
蜜雪冰城(人民路店),蜜雪冰城,爱尚花(恒隆广场商住楼店),200,2.5,10.8,0.9752,10.532,10.532,,,
古茗(开化马金店),古茗,新晨批发中心,119,2.2,1.2,1.0,1.2,1.2,,Y,
蜜雪冰城兴龙北路店,蜜雪冰城,汉固达商城(巨龙路店),370,2.5,9.0,0.6362,5.725,4.225,1.3552,,Y
古茗(龙游大南门景区店),古茗,东方商厦(龙洲店),336,2.2,5.8,0.5604,3.25,3.252,,,
古茗(江山城南东方广场),古茗,江山城南东方广场,23,2.2,1.4,0.6454,0.904,0.858,,,
沪上阿姨·精选茶饮(衢州江山城东方广场店),沪上阿姨,江山城南东方广场,0,1.8,1.4,0.5808,0.813,0.858,,,
古茗(开化华埠镇二店),古茗,横街,75,2.2,1.0,0.3961,0.396,0.399,,,
古茗(江山江东店),古茗,通禄门城市商业街区,509,2.2,0.0,0.6313,0.0,0.0,,,
古茗(常山定阳北二店),古茗,清河街,47,2.2,5.4,0.7644,4.128,4.128,,,
古茗(江山解放路钟楼店),古茗,中品维度商城,175,2.2,15.2,0.9007,13.691,10.903,,,
蜜雪冰城(解放路店),蜜雪冰城,中品维度商城,429,2.5,13.8,0.5881,8.115,10.903,,,
古茗(开化金佰汇店),古茗,开化金佰汇广场,100,2.2,4.4,0.9587,4.218,4.218,,,
蜜雪冰城(文峰西路店),蜜雪冰城,U都·新天地,92,2.5,9.2,0.4981,4.582,4.582,1.0,,Y
古茗(开化解放街店),古茗,芝英服装商场,195,2.2,2.2,0.8466,1.863,1.549,,Y,
蜜雪冰城(虎山街道东岳路虎山店),蜜雪冰城,四季青商贸城,46,2.5,6.2,0.9533,5.911,5.777,,,
蜜雪冰城(贺村中心广场店),蜜雪冰城,雪丽百货商场,186,2.5,0.4,0.8344,0.334,0.334,,Y,
宝圆圆·现炒珍珠奶茶(龙游东方广场店),宝圆圆,骆驼(新东方广场东方商厦店),34,1.3,6.6,0.3187,2.103,2.724,,,
古茗(龙游溪口镇店),古茗,哲奕购物广场,40,2.2,3.4,0.7931,2.697,2.697,,,
古茗(龙游龙天小镇店),古茗,龙游特安五金机电批发商城,184,2.2,1.2,0.5247,0.63,0.667,,,
春莱(衢州市常山店),春莱,U都·新天地,65,1.4,9.2,0.673,6.192,4.582,1.3512,,Y
蜜雪冰城(定阳北路店),蜜雪冰城,水中花(常山专卖店),28,2.5,6.2,0.7951,4.929,4.929,,,
蜜雪冰城(华埠店),蜜雪冰城,横街,85,2.5,1.0,0.5374,0.537,0.399,,,
蜜雪冰城(人民南路东方广场一楼158号),蜜雪冰城,骆驼(新东方广场东方商厦店),48,2.5,6.6,0.5592,3.691,2.724,,,
蜜雪冰城(峡口店),蜜雪冰城,方明家具商场,443,2.5,0.2,0.636,0.127,0.121,,,
沪上阿姨·精选茶饮(衢州龙游兴龙路店),沪上阿姨,汉固达商城(巨龙路店),337,1.8,6.6,0.54,3.564,4.225,0.8436,,Y
蜜雪冰城(红木小镇),蜜雪冰城,龙游特安五金机电批发商城,183,2.5,1.2,0.5877,0.705,0.667,,,
古茗(龙游大润发店),古茗,骆驼(新东方广场东方商厦店),116,2.2,5.8,0.4649,2.697,2.724,,,
沪上阿姨·精选茶饮(衢州江山城中路店),沪上阿姨,通禄门城市商业街区A区,494,1.8,13.0,0.3157,4.104,4.44,0.9242,,Y
蜜雪冰城(开化东方广场店),蜜雪冰城,开化东方广场,48,2.5,4.4,0.7116,3.131,2.991,,,
沪上阿姨·精选茶饮(衢州常山一店),沪上阿姨,U都·新天地,99,1.8,9.2,0.3962,3.645,4.582,0.7955,,Y
蜜雪冰城(淤头店),蜜雪冰城,江成家具商场,111,2.5,3.2,0.9715,3.109,3.096,,,
蜜雪冰城(城北东方店),蜜雪冰城,东方商厦(江山东方广场店),36,2.5,3.8,0.576,2.189,1.889,,,
古茗(城东东方广场店),古茗,东方商厦(新东方广场店),30,2.2,6.6,0.5362,3.539,3.539,,,
蜜雪冰城(城东东方广场店),蜜雪冰城,龙游城东东方广场,56,2.5,3.8,0.8732,3.318,3.318,,,
蜜雪冰城(湖镇镇解放南路23、25、27号),蜜雪冰城,湖镇老街(湖头街),443,2.5,1.4,0.7816,1.094,1.025,,,
春莱·老挝咖啡·泰式奶茶(衢州长兴店),春莱,开化东方广场,89,1.4,4.4,0.6477,2.85,2.991,,,
沪上阿姨·精选茶饮(衢州江山东方广场店),沪上阿姨,东方商厦(江山东方广场店),6,1.8,3.8,0.4184,1.59,1.889,,,
蜜雪冰城(上余大溪滩店),蜜雪冰城,合文副食品批发商场,237,2.5,1.0,0.7582,0.758,0.758,,,
蜜雪冰城(江山市江东店),蜜雪冰城,通禄门城市商业街区A区,513,2.5,0.0,0.6884,0.0,4.44,0.0,,Y
蜜雪冰城(江山城南东方店),蜜雪冰城,奥莱体育(江山城南东方广场店),61,2.5,0.6,0.8298,0.498,0.498,,Y,
古茗(开化华埠镇店),古茗,横街,74,2.2,1.0,0.3985,0.399,0.399,,,
蜜雪冰城(解放街店),蜜雪冰城,芝英服装商场,118,2.5,1.6,0.7721,1.235,1.549,,,
蜜雪冰城(上方镇店),蜜雪冰城,上方购物广场,54,2.5,0.2,1.0,0.2,0.2,,Y,
茶百道(舟山临城银泰百货店),茶百道,银泰百货(舟山临城店),37,1.8,11.6,0.4114,4.772,4.346,,,
茉莉奶白(舟山新城凯虹店),茉莉奶白,凯虹广场(临城店),62,1.5,10.0,0.2662,2.662,3.763,,,
CHAGEE霸王茶姬(浙江舟山定海新城凯虹店),霸王茶姬,凯虹广场(临城店),47,2.0,10.4,0.5505,5.725,3.763,,,
古茗(临城凯虹广场店),古茗,凯虹广场(临城店),45,2.2,10.0,0.4415,4.415,3.763,,,
CoCo都可(新城凯虹广场店),CoCo,凯虹广场(临城店),70,1.8,10.0,0.3112,3.112,3.763,,,
沪上阿姨·精选茶饮(舟山定海临城银泰百货店),沪上阿姨,银泰百货(舟山临城店),70,1.8,10.8,0.3629,3.92,4.346,,,
蜜雪冰城(体育路189号华润万家店入口处),蜜雪冰城,舟山宝龙广场-B馆,201,2.5,14.0,0.6155,8.618,4.646,1.8548,,Y
喜茶(舟山宝龙广场店),喜茶,舟山宝龙广场-B馆,60,2.0,14.0,0.3319,4.646,4.646,1.0,,Y
茶百道(舟山宝龙广场店),茶百道,舟山宝龙广场,55,1.8,20.4,0.1927,3.93,3.93,1.0,,Y
爷爷不泡茶NOYEYENOTEA(舟山宝龙店),爷爷不泡茶,舟山宝龙广场,69,2.0,18.8,0.2648,4.977,3.93,1.2665,,Y
Tamkoko泰柯茶园(舟山宝龙店),Tamkoko泰柯茶园,宝龙广场A馆,73,1.2,21.2,0.168,3.561,7.952,,,
古茗(舟山宝龙广场店),古茗,舟山宝龙广场-B馆,18,2.2,14.0,0.3156,4.419,4.646,0.9511,,Y
1点点(舟山宝龙广场店),一点点,舟山宝龙广场-B馆,12,1.6,14.6,0.2584,3.772,4.646,0.8119,,Y
沪上阿姨·精选茶饮(舟山宝龙店),沪上阿姨,宝龙广场A馆,39,1.8,19.6,0.2698,5.288,7.952,,,
CoCo都可(宝龙广场二店),CoCo,舟山宝龙广场,51,1.8,20.6,0.196,4.038,3.93,1.0275,,Y
蜜雪冰城(千岛路海港城123号舟山医院西门对面),蜜雪冰城,宝龙广场A馆,231,2.5,20.4,0.5204,10.616,7.952,,,
瑞幸咖啡(浙江舟山医院店),瑞幸,舟山宝龙广场-B馆,146,2.2,12.6,0.605,7.623,4.646,1.6408,,Y
CoCo都可(宝龙广场一店),CoCo,舟山宝龙广场,41,1.8,20.4,0.188,3.835,3.93,0.9757,,Y
茶百道(舟山茶山浦水街店),茶百道,茶山浦水街,17,1.8,9.8,0.4343,4.256,5.169,,,
蜜雪冰城(体育路店),蜜雪冰城,宝龙广场A馆,246,2.5,20.4,0.527,10.751,7.952,,,
瑞幸咖啡(舟山新城茶山浦水街店),瑞幸,茶山浦水街,14,2.2,9.8,0.5275,5.169,5.169,,,
CoCo都可(茶山浦店),CoCo,茶山浦水街,85,1.8,9.0,0.6828,6.146,5.169,,,
快乐番薯(舟山定海欢乐海湾店),快乐番薯,欢乐海湾B区,159,1.4,3.4,0.9843,3.346,7.273,,,
瑞幸咖啡(舟山新闻传媒中心店),瑞幸,欢乐海湾B区,756,2.2,11.2,1.0,11.2,7.273,,,
茶百道(舟山定海长峙岛春风里店),茶百道,香樟湖步行街,722,1.8,5.6,0.8299,4.647,5.183,0.8966,,Y
古茗(长峙岛如心小镇店),古茗,香樟湖步行街,104,2.2,11.4,0.4147,4.728,5.183,0.9121,,Y
CoCo都可(如心广场店),CoCo,香樟湖步行街,75,1.8,12.2,0.4218,5.147,5.183,0.9929,,Y
1点点(舟山如心广场店),一点点,香樟湖步行街,63,1.6,11.4,0.4858,5.538,5.183,1.0684,,Y
瑞幸咖啡(舟山长峙岛如心小镇店),瑞幸,香樟湖步行街,120,2.2,12.2,0.4279,5.22,5.183,1.0071,,Y
蜜雪冰城(长峙岛校外城市超市收银台处),蜜雪冰城,香樟湖步行街,116,2.5,12.2,0.4355,5.313,5.183,1.025,,Y
瑞幸咖啡(舟山普陀水街店),瑞幸,天吴广场,106,2.2,3.8,0.9351,3.554,3.554,,,
茉莉奶白(舟山定海凯虹店),茉莉奶白,凯虹广场(定海店),41,1.5,6.6,0.1634,1.079,1.197,0.9008,,Y
CoCo都可(和津广场店),CoCo,和津广场,55,1.8,10.2,0.4263,4.348,5.735,,,
喜茶(舟山定海凯虹广场店),喜茶,凯虹广场(定海店),27,2.0,6.6,0.2453,1.619,1.197,1.3521,,Y
爷爷不泡茶NOYEYENOTEA(舟山定海凯虹广场店),爷爷不泡茶,凯虹广场(定海店),55,2.0,6.6,0.1868,1.233,1.197,1.0294,,Y
蜜雪冰城(和津广场店),蜜雪冰城,和津广场,49,2.5,10.2,0.5623,5.735,5.735,,,
古茗(普陀和津广场店),古茗,和津广场,0,2.2,9.2,0.6778,6.236,5.735,,,
CoCo都可(定海凯虹一分店),CoCo,凯虹广场(定海店),59,1.8,6.6,0.1696,1.119,1.197,0.9346,,Y
煲珠公·老红糖珍珠奶茶(凯虹广场店),煲珠公,凯虹广场(定海店),15,1.4,6.6,0.2088,1.378,1.197,1.1507,,Y
瑞幸咖啡(舟山东海中路店),瑞幸,南海商贸广场,217,2.2,7.0,0.9874,6.912,6.912,,,
古茗(定海凯虹广场店),古茗,凯虹广场(定海店),60,2.2,6.6,0.2262,1.493,1.197,1.2466,,Y
CoCo都可(定海凯虹二分店),CoCo,凯虹广场(定海店),57,1.8,6.6,0.1761,1.162,1.197,0.9706,,Y
古茗(定海宋都新天地),古茗,宋都海滨新天地,65,2.2,11.4,0.8396,9.572,9.572,,,
茶百道(舟山白泉缤纷天地店),茶百道,戴明眼镜(缤纷天地商业广场店),17,1.8,4.4,0.5639,2.481,2.481,,,
蜜雪冰城(宋都海滨新天地店),蜜雪冰城,宋都海滨新天地,126,2.5,11.4,0.8629,9.837,9.572,,,
瑞幸咖啡(舟山定海蓝郡国际店),瑞幸,宋都海滨新天地,158,2.2,10.6,0.844,8.947,9.572,,,
霸王茶姬(浙江舟山普陀东港凯虹店),霸王茶姬,凯虹广场(普陀店),7,2.0,8.8,0.3129,2.753,2.753,1.0,,Y
古茗(普陀海印路店),古茗,时装商城(昌正市场店),105,2.2,10.4,0.5296,5.508,6.305,,,
CoCo都可(兴建店),CoCo,百姓百货商场(中联·南苑店),507,1.8,5.6,0.9151,5.125,5.125,,,
茶百道(芙蓉洲路),茶百道,芙蓉洲商业街区,127,1.8,13.6,0.1798,2.445,3.614,0.6764,,Y
蜜雪冰城(白泉店民泰银行路口进),蜜雪冰城,戴明眼镜(缤纷天地商业广场店),34,2.5,4.4,0.4363,1.92,2.481,,,
古茗(定海白泉店),古茗,戴明眼镜(缤纷天地商业广场店),17,2.2,4.4,0.6124,2.695,2.481,,,
CoCo都可(白泉店),CoCo,戴明眼镜(缤纷天地商业广场店),17,1.8,4.4,0.5639,2.481,2.481,,,
茶百道(舟山东港凯虹广场店),茶百道,凯虹广场(普陀店),42,1.8,8.8,0.2987,2.629,2.753,0.9546,,Y
蜜雪冰城(新街店),蜜雪冰城,普陀商城,118,2.5,12.2,0.3247,3.962,4.12,0.9617,,Y
爷爷不泡茶NOYEYENOTEA(舟山沈家门新街店),爷爷不泡茶,普陀商城,85,2.0,12.2,0.4026,4.912,4.12,1.1923,,Y
古茗(定海芙蓉洲路店),古茗,芙蓉洲商业街区,129,2.2,13.6,0.2146,2.919,3.614,0.8076,,Y
CoCo都可(菜市店),CoCo,西大商城食品店(菜市路店),85,1.8,10.6,0.333,3.529,3.783,,,
喜茶(舟山定海芙蓉洲路店),喜茶,芙蓉洲商业街区,131,2.0,13.6,0.199,2.706,3.614,0.7488,,Y
蜜雪冰城(定海区解放东路文化广场店),蜜雪冰城,芙蓉洲商业街区,76,2.5,12.2,0.6621,8.078,3.614,2.2351,,Y
沪上阿姨·精选茶饮(舟山定海东大街店),沪上阿姨,定海民居风情街,72,1.8,12.4,0.5244,6.502,5.494,,,
古茗(沈家门菜市路店),古茗,西大商城食品店(菜市路店),98,2.2,10.6,0.3704,3.926,3.783,,,
CoCo都可(步行街店),CoCo,普陀商城,114,1.8,12.2,0.2337,2.852,4.12,0.6922,,Y
就是柠定海凯虹店,就是柠,凯虹广场(定海店),38,1.3,6.6,0.1517,1.001,1.197,0.8359,,Y
CoCo都可(东大街店),CoCo,定海民居风情街,113,1.8,12.4,0.3618,4.486,5.494,,,
古茗(沈家门步行街店),古茗,普陀商城,93,2.2,12.2,0.3377,4.12,4.12,1.0,,Y
1点点(杉杉奥特莱斯广场店),一点点,杉杉奥特莱斯广场,36,1.6,35.2,0.5091,17.92,17.92,,,
茉莉奶白(舟山东港凯虹店),茉莉奶白,凯虹广场(普陀店),38,1.5,9.6,0.2527,2.426,2.753,0.8812,,Y
CoCo都可(东港金城店),CoCo,甬定烟酒商场(东港店),58,1.8,3.6,0.7192,2.589,2.804,,,
1点点(芙蓉洲路店),一点点,芙蓉洲商业街区,81,1.6,13.4,0.2637,3.534,3.614,0.9778,,Y
CoCo都可(东港凯虹五楼店),CoCo,凯虹广场(普陀店),37,1.8,8.8,0.2918,2.568,2.753,0.9326,,Y
瑞幸咖啡(舟山芙蓉洲路店),瑞幸,芙蓉洲商业街区,150,2.2,13.6,0.2913,3.962,3.614,1.0963,,Y
古茗(定海解放西路1店),古茗,弘远商贸(华天公寓店),8,2.2,9.2,0.4537,4.174,4.593,,,
CoCo都可(西门店),CoCo,弘远商贸(华天公寓店),55,1.8,10.0,0.5816,5.816,4.593,,,
CHAGEE霸王茶姬(杉杉·普陀天地店),霸王茶姬,杉杉奥特莱斯广场B1座,70,2.0,34.2,0.5054,17.283,15.915,,,
蜜雪冰城(芙蓉洲路店),蜜雪冰城,芙蓉洲商业街区,117,2.5,12.6,0.2943,3.708,3.614,1.026,,Y
蜜雪冰城(普陀区海岛公园店),蜜雪冰城,西大商城食品店(菜市路店),118,2.5,9.4,0.4556,4.283,3.783,,,
茶百道(舟山沈家门新街夜市店),茶百道,普陀商城,141,1.8,12.2,0.3544,4.324,4.12,1.0496,,Y
蜜雪冰城(碧海莲缘赤枫苑店),蜜雪冰城,时装商城(昌正市场店),54,2.5,10.4,0.6829,7.102,6.305,,,
蜜雪冰城(金城街店),蜜雪冰城,甬定烟酒商场(东港店),77,2.5,3.6,0.8386,3.019,2.804,,,
沪上阿姨鲜果茶(舟山普陀沈家门店),沪上阿姨,西大商城食品店(菜市路店),117,1.8,9.4,0.3872,3.64,3.783,,,
瑞幸咖啡(舟山大润发店),瑞幸,凯虹广场(普陀店),135,2.2,9.6,0.5004,4.804,2.753,1.7446,,Y
CoCo都可(杉杉普陀天地店)(暂停营业),CoCo,杉杉奥特莱斯广场B1座,38,1.8,35.0,0.3976,13.916,15.915,,,
瑞幸咖啡(舟山沈家门新街路店),瑞幸,普陀商城,113,2.2,12.2,0.348,4.246,4.12,1.0306,,Y
瑞幸咖啡(舟山普陀天地大师店),瑞幸,杉杉奥特莱斯广场B1座,23,2.2,35.0,0.4547,15.915,15.915,,,
瑞幸咖啡(舟山定海气象文化路店),瑞幸,紫金园商场,717,2.2,9.6,0.9942,9.545,9.545,,,
蜜雪冰城(解放西路西园店),蜜雪冰城,弘远商贸(华天公寓店),32,2.5,9.2,0.5448,5.012,4.593,,,
贡茶(沈家门店),贡茶,普陀商城,90,1.4,12.2,0.2981,3.637,4.12,0.8828,,Y
沪上阿姨·精选茶饮(舟山定海西园店),沪上阿姨,弘远商贸(华天公寓店),12,1.8,9.2,0.3805,3.501,4.593,,,
春莱·老挝冰咖啡·泰式奶茶(芙蓉洲路店),春莱,芙蓉洲商业街区,64,1.4,13.4,0.2757,3.694,3.614,1.0222,,Y
CHAGEE霸王茶姬(浙江舟山普陀蜈蚣峙店),霸王茶姬,慈航旅游购物广场,310,2.0,1.0,0.8423,0.842,0.777,,Y,
古茗(舟山国际大厦店),古茗,舟山总府路步行街,53,2.2,12.4,0.9103,11.288,11.288,,,
沪上阿姨·精选茶饮(舟山东港凯虹店),沪上阿姨,凯虹广场(普陀店),52,1.8,9.6,0.3258,3.128,2.753,1.1359,,Y
CoCo都可(莲洋街店),CoCo,天海望府商业街D座,169,1.8,7.6,0.9627,7.317,7.317,,,
古茗(定海盐仓宝龙店),古茗,舟山定海宝龙天地,9,2.2,3.8,0.5324,2.023,1.908,,,
沪上阿姨·精选茶饮(舟山普陀杉杉普陀天地店),沪上阿姨,普陀天地,94,1.8,31.2,0.7586,23.667,23.667,,,
快乐番薯(舟山普陀东港店),快乐番薯,春天广场,164,1.4,5.8,0.7731,4.484,4.484,,,
瑞幸咖啡(舟山定海宝龙天地店),瑞幸,舟山定海宝龙天地,24,2.2,3.8,0.5022,1.908,1.908,,,
CoCo都可(舟山定海宝龙广场店),CoCo,舟山定海宝龙天地,38,1.8,3.8,0.4812,1.829,1.908,,,
春莱老挝冰咖啡泰式奶茶(宝龙天地店),春莱,舟山普陀宝龙天地,68,1.4,1.8,0.9748,1.755,1.755,,Y,
CoCo都可(普陀凯虹广场店),CoCo,凯虹广场(普陀店),69,1.8,9.6,0.3547,3.405,2.753,1.2365,,Y
古茗(普陀蜈蚣峙码头),古茗,慈航旅游购物广场,103,2.2,1.0,0.7548,0.755,0.777,,,
古茗(舟山大润发店),古茗,凯虹广场(普陀店),119,2.2,10.4,0.4593,4.777,2.753,1.7348,,Y
蜜雪冰城(普陀山店),蜜雪冰城,慈航旅游购物广场,138,2.5,1.0,0.7986,0.799,0.777,,,
古茗(舟山朱家尖店),古茗,天海悦诚广场,569,2.2,6.4,0.4483,2.869,3.199,0.8969,,Y
CoCo都可(朱家尖店),CoCo,天海悦诚广场,293,1.8,7.4,0.8386,6.206,3.199,1.9399,,Y
蜜雪冰城(朱家尖店),蜜雪冰城,天海悦诚广场,553,2.5,7.2,0.4589,3.304,3.199,1.0329,,Y
茶百道(舟山朱家尖店),茶百道,天海悦诚广场,549,1.8,8.0,0.3289,2.631,3.199,0.8226,,Y
瑞幸咖啡(舟山东昇嘉苑店),瑞幸,天海悦诚广场,109,2.2,5.8,0.9188,5.329,3.199,1.6659,,Y
CoCo都可(慈航广场店),CoCo,慈航旅游购物广场,227,1.8,1.0,0.7508,0.751,0.777,,,
瑞幸咖啡(舟山朱家尖庆丰路店),瑞幸,天海悦诚广场,551,2.2,7.2,0.4297,3.094,3.199,0.9671,,Y
沪上阿姨鲜果茶(舟山普陀朱家尖店),沪上阿姨,天海悦诚广场,553,1.8,7.2,0.5134,3.697,3.199,1.1555,,Y
古茗(定海马岙店),古茗,马岙步行街,442,2.2,1.8,0.8942,1.61,1.61,,Y,
CoCo都可(慈航广场店),CoCo,天海悦诚广场,689,1.8,3.2,0.8962,2.868,3.199,0.8965,,Y
CoCo都可(六横店),CoCo,舟山天合广场,384,1.8,1.2,0.6934,0.832,0.98,,,
古茗(舟山六横店),古茗,凯耀商城(六横体验店),312,2.2,1.2,0.8027,0.963,0.946,,Y,
茶百道(岱山日达店),茶百道,日达商场,107,1.8,3.0,0.3393,1.018,1.237,,,
CHAGEE霸王茶姬(浙江舟山岱山新天地店),霸王茶姬,岱山新天地,24,2.0,3.0,0.3314,0.994,0.874,1.1376,,Y
古茗(岱山日达店),古茗,岱山新天地,103,2.2,3.0,0.4053,1.216,0.874,1.3913,,Y
CoCo都可(岱山新天地店),CoCo,岱山新天地,0,1.8,3.0,0.2797,0.839,0.874,0.9601,,Y
茉酸奶( 舟山岱山新天地广场 ),茉酸奶,岱山新天地,13,1.6,3.2,0.2731,0.874,0.874,1.0,,Y
蜜雪冰城(日达店老婆大人隔壁),蜜雪冰城,日达商场,84,2.5,3.2,0.4549,1.456,1.237,,,
蜜雪冰城(六横路店),蜜雪冰城,凯耀商城(六横体验店),395,2.5,1.2,0.7732,0.928,0.946,,,
瑞幸咖啡(岱山安澜路店),瑞幸,安澜路步行街,49,2.2,4.6,0.6815,3.135,3.217,,,
LINLEE·手打柠檬茶(岱山新天地广场店),LINLEE,岱山新天地,14,1.5,3.2,0.2411,0.771,0.874,0.8826,,Y
蜜雪冰城(锦元华庭店),蜜雪冰城,安澜路步行街,27,2.5,4.4,0.7498,3.299,3.217,,,
蜜雪冰城(海德花园店大光明眼镜店隔壁),蜜雪冰城,三江购物(城市半岛店),215,2.5,5.2,0.8867,4.611,4.758,,,
CoCo都可(天合广场店),CoCo,舟山天合广场,45,1.8,1.2,0.9394,1.127,0.98,,Y,
桂桂茶(岱山兰秀大道店),桂桂茶,三江购物(城市半岛店),500,1.4,5.0,0.9811,4.906,4.758,,,
1点点(岱山日达店),一点点,日达商场,100,1.6,3.2,0.2981,0.954,1.237,,,
古茗(岱山华枫花园店),古茗,三江购物(城市半岛店),278,2.2,6.0,0.8256,4.954,4.758,,,
CoCo都可(金塘山潭店),CoCo,小桥头家具商场,429,1.8,1.0,1.0,1.0,1.0,,Y,
古茗(定海大丰店),古茗,好又多购物中心(沥大线店),603,2.2,0.0,1.0,0.0,0.0,,Y,
古茗(定海欣港路店),古茗,天龙家电商场(沥观路店),507,2.2,0.8,0.6523,0.522,0.544,,,
沪上阿姨·精选茶饮(舟山岱山店),沪上阿姨,日达商场,54,1.8,4.2,0.4423,1.858,1.237,,,
麦记牛奶(舟山宝龙广场店),麦记牛奶,舟山宝龙广场,54,1.4,20.4,0.1607,3.279,3.93,0.8343,,Y
茶百道(舟山嵊泗沙河店),茶百道,良友商场,35,1.8,4.4,0.5244,2.307,2.373,,,
麦记牛奶(东港凯虹广场店),麦记牛奶,凯虹广场(普陀店),5,1.4,8.8,0.2196,1.932,2.753,0.7018,,Y
CoCo都可(嵊泗菜园店),CoCo,东海商场,158,1.8,6.8,0.9296,6.321,6.321,,,
CoCo都可岱山华枫花园店,CoCo,三江购物(城市半岛店),241,1.8,4.4,0.7281,3.204,4.758,,,
蜜雪冰城(舟山嵊泗列岛风景名胜区店),蜜雪冰城,良友商场,42,2.5,3.6,0.6774,2.439,2.373,,,
古茗(舟山衢山店),古茗,瀛洲商城,278,2.2,0.4,0.7035,0.281,0.293,,,
蜜雪冰城(衢山景区店),蜜雪冰城,瀛洲商城,252,2.5,0.4,0.7313,0.293,0.293,,,
CoCo都可(衢山店),CoCo,瀛洲商城,168,1.8,0.4,0.7748,0.31,0.293,,,
蜜雪冰城(欣港路店),蜜雪冰城,天龙家电商场(沥观路店),509,2.5,0.8,0.7078,0.566,0.544,,,
古茗(椒江康平路店),古茗,亿嘉时代广场,268,2.2,28.4,0.5611,15.934,14.502,,,
茶百道(康平路店),茶百道,亿嘉时代广场,279,1.8,26.0,0.4674,12.153,14.502,,,
蜜雪冰城(康平路店),蜜雪冰城,亿嘉时代广场,331,2.5,24.4,0.6943,16.94,14.502,,,
春莱(台州椒江店),春莱,第一时间生活广场,42,1.4,32.6,0.3367,10.977,13.78,,,
1点点(康平路店),一点点,亿嘉时代广场,383,1.6,22.0,0.5941,13.07,14.502,,,
古茗(耀达路天桥店),古茗,第一时间生活广场,39,2.2,32.6,0.5087,16.582,13.78,,,
霸王茶姬(意得广场店),霸王茶姬,意得广场,4,2.0,31.0,0.2416,7.489,7.489,1.0,,Y
蜜雪冰城(东商务区店),蜜雪冰城,台州市耀DALU商业街,102,2.5,32.8,0.5612,18.409,13.287,,,
茉莉奶白(台州椒江意得广场店),茉莉奶白,意得广场,33,1.5,32.0,0.1931,6.179,7.489,0.8251,,Y
喜茶(台州意得广场店),喜茶,意得广场,43,2.0,32.0,0.2524,8.078,7.489,1.0787,,Y
1点点(台州耀达路店),一点点,现代新天地,13,1.6,25.6,0.1876,4.801,5.906,,,
爷爷不泡茶NOYEYENOTEA(台州意得广场店),爷爷不泡茶,意得广场,9,2.0,31.0,0.2265,7.021,7.489,0.9375,,Y
蜜雪冰城(现代天地店),蜜雪冰城,现代新天地,21,2.5,24.8,0.3858,9.567,5.906,,,
LINLEE林里·手打柠檬茶(现代新天地店),LINLEE,台州市耀DALU商业街,32,1.5,28.8,0.2835,8.166,13.287,,,
古茗(椒江意得广场店),古茗,意得广场,38,2.2,32.0,0.2668,8.538,7.489,1.1401,,Y
蜜雪冰城(意得店),蜜雪冰城,意得广场,8,2.5,31.0,0.2909,9.017,7.489,1.2041,,Y
奈雪的茶(台州青悦城PRO店),奈雪,台州青悦城购物中心,88,1.8,32.6,0.5611,18.293,13.321,1.3733,,Y
古茗(椒江耀达路店),古茗,现代新天地,12,2.2,25.6,0.2508,6.421,5.906,,,
CoCo都可(台州青悦城购物中心店),CoCo,台州青悦城购物中心,22,1.8,31.0,0.3576,11.085,13.321,0.8322,,Y
沪上阿姨鲜果茶(现代天地美食服饰休闲广场店),沪上阿姨,现代新天地,13,1.8,25.6,0.2106,5.391,5.906,,,
茶百道(椒江青悦城店),茶百道,台州青悦城购物中心,31,1.8,31.8,0.3376,10.734,13.321,0.8058,,Y
CHAGEE霸王茶姬(浙江台州椒江青悦城店),霸王茶姬,台州青悦城购物中心,85,2.0,31.8,0.4639,14.752,13.321,1.1075,,Y
古茗(椒江青悦城店),古茗,台州青悦城购物中心,55,2.2,31.8,0.4189,13.321,13.321,1.0,,Y
茉酸奶(意得广场店),茉酸奶,意得广场,37,1.6,32.0,0.2205,7.056,7.489,0.9422,,Y
蜜雪冰城(椒江界牌店),蜜雪冰城,耀达百货(台州椒江店),798,2.5,13.6,0.707,9.615,9.615,,,
茶百道(台州椒江欧尚店),茶百道,耀达百货(台州椒江店),802,1.8,13.6,0.56,7.617,9.615,,,
古茗(椒江大润发店),古茗,耀达百货(台州椒江店),781,2.2,14.4,0.9102,13.107,9.615,,,
CHAGEE霸王茶姬(浙江台州椒江腾达中心店),霸王茶姬,台州腾达中心,65,2.0,9.0,0.8576,7.719,12.835,0.6013,,Y
蜜雪冰城(星星广场店),蜜雪冰城,十足便利店(台州城市之光店),281,2.5,10.0,0.853,8.53,8.355,,,
喜茶(台州椒江平桥店),喜茶,台州玉兰广场,517,2.0,9.6,0.4338,4.164,5.468,0.7615,,Y
古茗(椒江湖滨小区店),古茗,优加购物广场,185,2.2,10.6,0.9505,10.076,4.008,2.5139,,Y
CHAGEE霸王茶姬(优加购物广场店),霸王茶姬,优加购物广场,27,2.0,8.2,0.9408,7.714,4.008,1.9248,,Y
1点点(学院路店),一点点,台州玉兰广场,517,1.6,10.4,0.3573,3.716,5.468,0.6795,,Y
蜜雪冰城(万华城店),蜜雪冰城,威龙葡萄酒商城酒业(世纪商城新安路店),166,2.5,9.4,0.6215,5.842,4.982,,,
古茗(东环大道店),古茗,十足便利店(台州城市之光店),225,2.2,10.0,0.818,8.18,8.355,,,
瑞幸咖啡(台州椒江商业街店),瑞幸,台州开发区商业街,52,2.2,15.0,0.8409,12.613,5.897,2.1388,,Y
CHAGEE霸王茶姬(玉环万达店),霸王茶姬,万达影城(台州椒江万达店),105,2.0,13.6,0.4162,5.66,5.497,,,
茶百道(台州椒江万华城店),茶百道,威龙葡萄酒商城酒业(世纪商城新安路店),197,1.8,9.4,0.4474,4.206,4.982,,,
蜜雪冰城(平桥综合楼店),蜜雪冰城,台州玉兰广场,523,2.5,13.6,0.4891,6.652,5.468,1.2164,,Y
古茗(椒江腾达中心店),古茗,台州腾达中心,94,2.2,12.2,0.865,10.553,12.835,0.8222,,Y
luckin coffee 瑞幸咖啡(学院路店),瑞幸,台州玉兰广场,526,2.2,9.6,0.5696,5.468,5.468,1.0,,Y
1点点(椒江商业街店),一点点,商业街,184,1.6,12.6,0.5195,6.546,6.888,,,
爷爷不泡茶NOYEYENOTEA(台州经开万达广场店),爷爷不泡茶,室内步行街(台州经开万达广场店),74,2.0,13.6,0.393,5.345,5.4,,,
古茗(椒江平桥店),古茗,台州玉兰广场,507,2.2,12.8,0.4711,6.031,5.468,1.1028,,Y
1点点(椒江万达广场店),一点点,万达影城(台州椒江万达店),127,1.6,13.6,0.3944,5.364,5.497,,,
瑞幸咖啡(台州椒江岩屿路店),瑞幸,环球文体商场,465,2.2,9.2,0.5493,5.054,5.054,,,
爷爷不泡茶NOYEYENOTEA(台州椒江宝龙城店),爷爷不泡茶,台州椒江宝龙城,24,2.0,3.4,0.475,1.615,1.692,0.9543,,Y
蜜雪冰城(经中路店),蜜雪冰城,商业街,195,2.5,13.6,0.6299,8.567,6.888,,,
古茗(椒江商业街店),古茗,商业街,183,2.2,12.6,0.5467,6.888,6.888,,,
茶百道(台州椒江宝龙城店),茶百道,台州椒江宝龙城,63,1.8,4.2,0.4341,1.823,1.692,1.0774,,Y
茉莉奶白(台州椒江宝龙城店),茉莉奶白,台州椒江宝龙城,18,1.5,3.4,0.2937,0.999,1.692,0.59,,Y
蜜雪冰城岩屿路店,蜜雪冰城,农产品商城,510,2.5,7.2,0.7093,5.107,2.648,1.9287,,Y
古茗(椒江经中路店),古茗,台州开发区商业街,528,2.2,10.4,0.5671,5.897,5.897,1.0,,Y
蜜雪冰城(塘岸店),蜜雪冰城,台州开发区商业街,530,2.5,10.4,0.6284,6.536,5.897,1.1082,,Y
古茗(椒江万华城店),古茗,威龙葡萄酒商城酒业(世纪商城新安路店),209,2.2,9.4,0.53,4.982,4.982,,,
沪上阿姨·精选茶饮(台州椒江宝龙城店),沪上阿姨,台州椒江宝龙城,12,1.8,3.4,0.3498,1.189,1.692,0.7027,,Y
瑞幸咖啡(台州椒兰汇店),瑞幸,优加购物广场,607,2.2,4.8,0.835,4.008,4.008,1.0,,Y
蜜雪冰城(万达大厦店),蜜雪冰城,室内步行街(台州经开万达广场店),21,2.5,14.4,0.4612,6.641,5.4,,,
古茗(椒江万达店),古茗,室内步行街(台州经开万达广场店),50,2.2,13.6,0.4012,5.456,5.4,,,
1点点(台州椒江宝龙城店),一点点,台州椒江宝龙城,120,1.6,4.2,0.4214,1.77,1.692,1.0457,,Y
瑞幸咖啡(台州职业技术学院店),瑞幸,台州腾达中心,451,2.2,18.6,0.8004,14.887,12.835,1.1598,,Y
蜜雪冰城(椒江解放南路店),蜜雪冰城,好宜卖眼镜商城(华晨山庄店),472,2.5,5.0,0.6207,3.103,2.949,,,
古茗(椒江解放南路店),古茗,好宜卖眼镜商城(华晨山庄店),467,2.2,5.0,0.5589,2.795,2.949,,,
古茗(椒江红旗店),古茗,环球文体商场,464,2.2,9.2,0.6002,5.522,5.054,,,
古茗(椒江宝龙店),古茗,台州椒江宝龙城,131,2.2,2.6,0.7517,1.955,1.692,1.1549,,Y
古茗(椒江星明路店),古茗,农产品商城,54,2.2,5.0,0.5208,2.604,2.648,0.9835,,Y
蜜雪冰城(椒江宝龙店),蜜雪冰城,台州椒江宝龙城,73,2.5,4.2,0.5495,2.308,1.692,1.3637,,Y
古茗(椒江万达金街店),古茗,万达影城(台州椒江万达店),59,2.2,12.8,0.4399,5.63,5.497,,,
蜜雪冰城(新世纪商城店),蜜雪冰城,葭沚新世纪商城,83,2.5,9.4,0.8885,8.352,8.352,,,
古茗(岩屿路1店),古茗,农产品商城,486,2.2,6.8,0.3501,2.381,2.648,0.8991,,Y
蜜雪冰城(星明路店),蜜雪冰城,农产品商城,51,2.5,5.0,0.5616,2.808,2.648,1.0604,,Y
古茗(椒江红旗店),古茗,农产品商城,481,2.2,6.8,0.3575,2.431,2.648,0.9181,,Y
古茗(椒江海龙路店),古茗,优加购物广场,793,2.2,4.8,0.6756,3.243,4.008,0.8091,,Y
茉酸奶(台州椒江万达广场店),茉酸奶,室内步行街(台州经开万达广场店),68,1.6,13.6,0.3017,4.103,5.4,,,
古茗(椒江天璟御府店),古茗,台州开发区商业街,956,2.2,1.6,0.8794,1.407,5.897,,Y,
蜜雪冰城(海龙路店),蜜雪冰城,优加购物广场,742,2.5,4.8,0.8019,3.849,4.008,0.9603,,Y
茶百道(台州职业技术学院店(新)),茶百道,台州腾达中心,518,1.8,16.0,0.7728,12.366,12.835,0.9634,,Y
瑞幸咖啡(台州天璟誉府大师店),瑞幸,台州开发区商业街,834,2.2,4.0,0.6207,2.483,5.897,0.421,,Y
蜜雪冰城(机场北路店),蜜雪冰城,台州开发区商业街,824,2.5,4.0,0.6749,2.7,5.897,0.4578,,Y
古茗(台州职业技术学院店),古茗,台州腾达中心,328,2.2,17.0,0.7827,13.305,12.835,1.0366,,Y
沪上阿姨(葭中路店),沪上阿姨,台州椒江宝龙城,244,1.8,1.8,0.7587,1.366,1.692,0.8069,,Y
蜜雪冰城(中山路店),蜜雪冰城,银河商城南区,86,2.5,3.8,0.9238,3.51,3.51,,,
蜜雪冰城(花园新村店),蜜雪冰城,环球文体商场,473,2.5,6.0,0.4985,2.991,5.054,,,
霸王茶姬(浙江台州椒江锦江百货店),霸王茶姬,锦江百货(椒江店),39,2.0,2.4,0.8586,2.061,2.061,,Y,
古茗(银河商城店),古茗,银河商城(中山西路),67,2.2,3.4,0.8817,2.998,2.998,,,
茶百道(台州职业技术学院店),茶百道,台州腾达中心,386,1.8,18.6,0.7212,13.415,12.835,1.0451,,Y
古茗岩屿路,古茗,农产品商城,491,2.2,6.6,0.4078,2.692,2.648,1.0165,,Y
古茗,古茗,台州开发区商业街,160,2.2,13.4,0.6987,9.362,5.897,1.5875,,Y
CoCo都可(银河商城店),CoCo,银河商城(北区),19,1.8,1.6,0.8853,1.416,1.416,,Y,
喜茶(台州椒江景元路店),喜茶,泰民购物广场,583,2.0,1.6,0.3301,0.528,0.864,0.6115,,Y
茶百道(台州椒江一中店),茶百道,泰民购物广场,225,1.8,2.6,0.3524,0.916,0.864,1.061,,Y
古茗(中山东路店),古茗,海门老街,443,2.2,1.0,0.8047,0.805,0.58,,Y,
古茗(椒江金地店),古茗,中城广场,71,2.2,0.6,0.8891,0.533,0.436,,Y,
古茗(椒江育才路店),古茗,海门老街,596,2.2,0.8,0.5375,0.43,0.58,,,
爷爷不泡茶NOYEYENOTEA(台州椒江景元路店),爷爷不泡茶,泰民购物广场,592,2.0,1.6,0.4465,0.714,0.864,0.8271,,Y
古茗(椒江陶王店),古茗,泰民购物广场,231,2.2,2.6,0.3705,0.963,0.864,1.1155,,Y
蜜雪冰城(台州一中店),蜜雪冰城,泰民购物广场,241,2.5,1.8,0.4986,0.898,0.864,1.0392,,Y
蜜雪冰城金地中城店(暂停营业),蜜雪冰城,中城广场,65,2.5,0.4,0.8467,0.339,0.436,,Y,
古茗(椒江景元路店)(装修中),古茗,泰民购物广场,581,2.2,1.6,0.358,0.573,0.864,0.6632,,Y
蜜雪冰城(中山东路店),蜜雪冰城,海门老街,511,2.5,0.8,0.8483,0.679,0.58,,Y,
古茗(椒江东山店),古茗,东山购物中心(椒江东山店),266,2.2,0.2,0.976,0.195,0.195,,Y,
蜜雪冰城(育才路店),蜜雪冰城,海门老街,584,2.5,0.8,0.6012,0.481,0.58,,,
蜜雪冰城(景园路店),蜜雪冰城,泰民购物广场,610,2.5,1.6,0.5398,0.864,0.864,1.0,,Y
霸王茶姬(浙江台州椒江金地广场店),霸王茶姬,吾悦广场(台州湾店),32,2.0,0.2,0.9888,0.198,0.499,,Y,
1点点(景元路店),一点点,泰民购物广场,603,1.6,1.6,0.326,0.522,0.864,0.6039,,Y
古茗(椒江华鸿天悦外滩店),古茗,新明国际家居生活广场,821,2.2,1.6,1.0,1.6,1.6,,Y,
蜜雪冰城(海景名苑店),蜜雪冰城,吾悦广场(台州湾店),875,2.5,0.8,1.0,0.8,0.499,,Y,
古茗(椒江景元路店),古茗,泰民购物广场,554,2.2,1.6,0.5898,0.944,0.864,1.0926,,Y
古茗(洪家后高桥店),古茗,红星美凯龙台州洪家商场,666,2.2,1.6,0.6926,1.108,1.149,,,
蜜雪冰城(洪家后高桥店),蜜雪冰城,红星美凯龙台州洪家商场,674,2.5,1.6,0.7442,1.191,1.149,,,
古茗(椒江洪家店),古茗,洪家大卖场,93,2.2,0.2,0.4084,0.082,0.092,,,
茶百道(台州椒江洪家店),茶百道,洪家大卖场,91,1.8,0.2,0.3392,0.068,0.092,,,
蜜雪冰城(车站街店),蜜雪冰城,洪家大卖场,110,2.5,0.2,0.5092,0.102,0.092,,,
古茗(洪家洪三西路店),古茗,洪家大卖场,360,2.2,1.0,0.9165,0.916,0.092,,Y,
古茗(椒江章安二店),古茗,爱家购物中心,98,2.2,1.0,1.0,1.0,1.0,,Y,
古茗(椒江章安一店),古茗,回浦商业街,11,2.2,1.4,0.5907,0.827,0.869,,,
古茗(前所车站店),古茗,大拇指购物中心(椒江前所店),242,2.2,0.2,0.5506,0.11,0.116,,,
蜜雪冰城(章安店),蜜雪冰城,回浦商业街,27,2.5,1.4,0.6514,0.912,0.869,,,
蜜雪冰城(前所店),蜜雪冰城,大拇指购物中心(椒江前所店),236,2.5,0.2,0.6127,0.123,0.116,,,
古茗(椒江三甲镇店),古茗,宇龙家电商场,168,2.2,1.8,0.8702,1.566,1.59,,Y,
蜜雪冰城(洪三路店),蜜雪冰城,宇龙家电商场,81,2.5,1.8,0.8964,1.614,1.59,,Y,
蜜雪冰城(月河北街),蜜雪冰城,统采商城(台州旅游购物中心泰隆街店),857,2.5,0.0,1.0,0.0,0.0,,Y,
CHAGEE霸王茶姬(浙江台州路桥吾悦广场店),霸王茶姬,吾悦广场(台州路桥店),119,2.0,7.4,0.6086,4.503,4.766,0.9448,,Y
喜茶(台州路桥吾悦广场店),喜茶,吾悦广场(台州路桥店),75,2.0,8.2,0.6133,5.029,4.766,1.0552,,Y
沪上阿姨·精选茶饮(台州路桥吾悦广场店),沪上阿姨,吾悦广场(台州路桥店),45,1.8,9.0,0.4643,4.178,4.766,0.8766,,Y
古茗(路桥吾悦广场店),古茗,吾悦广场(台州路桥店),19,2.2,9.0,0.5902,5.312,4.766,1.1145,,Y
茶百道(台州路桥吾悦广场店),茶百道,吾悦广场(台州路桥店),89,1.8,8.2,0.5003,4.103,4.766,0.8608,,Y
蜜雪冰城(吾悦广场店),蜜雪冰城,吾悦广场(台州路桥店),79,2.5,8.2,0.6364,5.219,4.766,1.0949,,Y
裕莲茶楼(台州温岭银泰百货店),裕莲茶楼,银泰百货顾客服务,14,1.5,1.2,0.3725,0.447,0.55,,,
沪上阿姨·精选茶饮(台州三门首府店),沪上阿姨,万国·首府广场,66,1.8,0.6,0.7305,0.438,0.46,,,
古茗(温岭大溪二店),古茗,大溪多方里购物中心,185,2.2,1.0,0.9333,0.933,0.747,,Y,
古茗(临海紫阳街口店),古茗,紫阳街,479,2.2,1.8,0.5741,1.033,1.271,,,
古茗(临海紫阳街口店),古茗,紫阳街,518,2.2,1.6,0.9021,1.443,1.271,,Y,
宝圆圆·现炒珍珠奶茶(路桥中盛广场店),宝圆圆,中盛城市广场,9,1.3,1.6,0.6254,1.001,1.001,,,
CHAGEE霸王茶姬(临海银泰城店),霸王茶姬,银泰百货(临海店),56,2.0,13.2,0.5549,7.324,7.001,1.0462,,Y
古茗(温岭银泰负一楼店),古茗,银泰百货(温岭店),26,2.2,1.2,0.6154,0.738,0.738,,,
古茗(温岭松门店),古茗,迪斯伦鞋服商场(文化路店),128,2.2,0.6,1.0,0.6,0.6,,Y,
古茗(温岭汇头王店),古茗,汇头王商业街,177,2.2,9.6,0.9841,9.447,9.447,,,
古茗(仙居白塔店),古茗,白塔镇商贸城,138,2.2,0.2,1.0,0.2,0.2,,Y,
麦记牛奶(赭溪老街店),麦记牛奶,赭溪老街,522,1.4,1.6,0.8586,1.374,1.616,,Y,
古茗(温岭大溪一店),古茗,大溪多方里购物中心,262,2.2,0.6,0.9333,0.56,0.747,,Y,
沪上阿姨·精选茶饮(台州路桥金清店),沪上阿姨,鼎万佳家具商场,424,1.8,1.0,0.6945,0.694,0.15,,,
古茗(临海第五中学店),古茗,仁国烟酒商场(人民路店),147,2.2,4.4,1.0,4.4,4.4,,,
古茗(温岭大溪三店),古茗,安平东路,173,2.2,1.0,1.0,1.0,1.0,,Y,
沪上阿姨·精选茶饮(台州黄岩吾悦店),沪上阿姨,吾悦广场(台州黄岩店),153,1.8,7.6,0.9726,7.392,7.392,,,
古茗(石塘上马法庭店),古茗,佳宏商业街(佳宏铭苑店),815,2.2,0.8,1.0,0.8,0.9,,Y,
古茗(温岭耀达下保路店),古茗,九龙汇商业街,92,2.2,4.6,0.9908,4.557,4.557,,,
古茗(马铺路店),古茗,黄氏丽人街购物广场,711,2.2,1.6,0.6728,1.076,1.198,,,
古茗(天台平桥镇广场店),古茗,鑫隆家居商场,738,2.2,0.8,1.0,0.8,0.8,,Y,
古茗(路桥蓬街店),古茗,蓬街镇商业街,270,2.2,1.2,1.0,1.2,1.2,,Y,
古茗(天台天元东街店),古茗,东河路,143,2.2,2.0,1.0,2.0,2.0,,Y,
古茗(温岭横湖中路店),古茗,人人自选商场,668,2.2,0.8,1.0,0.8,0.8,,Y,
古茗(温岭新天地店),古茗,温岭新天地,43,2.2,1.0,0.9332,0.933,0.933,,Y,
麦记牛奶(温岭银泰店),麦记牛奶,银泰百货顾客服务,55,1.4,1.2,0.5445,0.653,0.55,,,
古茗(临海职教店),古茗,台州耀达商场(大洋店),361,2.2,1.8,0.9743,1.754,1.754,,Y,
古茗(温岭二中店),古茗,千禧广场,759,2.2,1.6,1.0,1.6,1.083,,Y,
古茗(路桥金清店),古茗,鼎万佳家具商场,451,2.2,0.2,0.7507,0.15,0.15,,,
茉莉奶白(台州温岭泽国领悦广场店),茉莉奶白,温岭领悦广场购物中心,0,1.5,0.2,0.5904,0.118,0.134,,,
茶百道(台州临海文庆店),茶百道,台州耀达商场(东门后街),68,1.8,1.6,0.7304,1.169,1.169,,,
古茗(黄岩院桥店),古茗,益民商场(院新西路),158,2.2,1.2,1.0,1.2,1.2,,Y,
古茗(温岭新河镇一店),古茗,喜都家具商场,55,2.2,1.0,0.6453,0.645,0.597,,,
古茗(临海市一店),古茗,汇尊烟酒商场(云塘店),452,2.2,2.6,0.7631,1.984,1.607,,,
古茗(泽国购物中心店),古茗,泽国购物中心,103,2.2,1.8,1.0,1.8,1.8,,Y,
古茗(临海桃渚镇2店),古茗,佳美汇购物广场(四岔店),76,2.2,0.4,1.0,0.4,0.4,,Y,
古茗(仙居响石山1店),古茗,响石山路与商业街交叉口,90,2.2,3.0,1.0,3.0,3.0,,,
沪上阿姨·精选茶饮(台州路桥马铺路店),沪上阿姨,黄氏丽人街购物广场,715,1.8,1.6,0.7488,1.198,1.198,,,
古茗(临海银泰负一楼店),古茗,银泰百货(临海店),70,2.2,14.0,0.6201,8.681,7.001,1.24,,Y
CHAGEE霸王茶姬(浙江台州温岭松门岭商天玺中心店),霸王茶姬,松门第一商场,869,2.0,0.8,1.0,0.8,0.8,,Y,
宝圆圆·现炒珍珠奶茶(路桥金清镇人民路店),宝圆圆,鼎万佳家具商场,399,1.3,0.2,0.5917,0.118,0.15,,,
古茗(临海紫薇路店),古茗,耀达百货(靖江店),141,2.2,16.6,0.9079,15.071,14.819,,,
古茗(路桥振屿路店),古茗,新一佳购物广场(桐屿店),88,2.2,1.8,0.8125,1.462,1.273,,Y,
CoCo都可(临海银泰店),CoCo,银泰百货(临海店),42,1.8,14.0,0.5001,7.001,7.001,1.0,,Y
古茗(天台赭溪老街店),古茗,赭溪老街,428,2.2,2.0,0.9293,1.859,1.616,,Y,
茶百道(温岭新河南新街店),茶百道,喜都家具商场,65,1.8,1.0,0.5491,0.549,0.597,,,
蜜雪冰城(紫阳街巾山西路路口店),蜜雪冰城,紫阳街,491,2.5,2.0,0.6356,1.271,1.271,,,
茶百道(台州路桥新安夜市店),茶百道,富仕广场,200,1.8,4.8,0.7534,3.616,3.86,,,
古茗(石塘上马店),古茗,佳宏商业街(佳宏铭苑店),116,2.2,1.0,1.0,1.0,0.9,,Y,
古茗(临海绿化路店),古茗,临海市中心区商业街与大洋中路交叉口,725,2.2,4.0,1.0,4.0,4.0,,,
古茗(临海崇和商城店),古茗,崇和商城南区(崇和商城店),23,2.2,1.4,1.0,1.4,1.4,,Y,
茶百道(临海新耀达店),茶百道,耀达百货(大厦店),121,1.8,14.4,0.7375,10.621,11.98,,,
沪上阿姨·精选茶饮(台州临海花街店),沪上阿姨,耀达百货(靖江店),219,1.8,16.6,0.8775,14.566,14.819,,,
茶百道(临海街心公园店),茶百道,浙江省台州市杜西路步行街,308,1.8,2.4,1.0,2.4,2.4,,Y,
宝圆圆.现炒珍珠奶茶(临海银泰店),宝圆圆,银泰百货(临海店),95,1.3,14.0,0.4176,5.847,7.001,0.8351,,Y
古茗(临海大田一店),古茗,大田百货,79,2.2,1.0,1.0,1.0,1.0,,Y,
古茗(黄岩引泉路二店),古茗,嘉丽阳光广场购物中心,191,2.2,2.0,0.6157,1.231,1.227,,,
宝圆圆·现炒珍珠奶茶(路桥桐屿店),宝圆圆,新一佳购物广场(桐屿店),99,1.3,1.8,0.602,1.084,1.273,,,
古茗(温岭宝龙4楼),古茗,温岭宝龙广场,37,2.2,0.2,0.8426,0.169,0.169,,Y,
麦记牛奶(台州经开万达店),麦记牛奶,万达影城(台州椒江万达店),51,1.4,13.6,0.2982,4.056,5.497,,,
古茗(温岭千禧店),古茗,千禧广场,86,2.2,0.6,0.9429,0.566,1.083,,Y,
古茗(温岭松门淋川店),古茗,平优多自选商场,392,2.2,0.4,1.0,0.4,0.4,,Y,
CoCo都可(仙居吾悦店),CoCo,吾悦广场(台州仙居店),42,1.8,0.2,0.9503,0.19,0.19,,Y,
古茗(临海杜桥牌门路),古茗,南大路与牌门商业街交叉口,60,2.2,1.8,1.0,1.8,1.8,,Y,
茶百道(台州临海银泰城店),茶百道,银泰百货(临海店),59,1.8,14.0,0.4692,6.569,7.001,0.9382,,Y
古茗(临海白云小区店),古茗,耀达百货(大厦店),87,2.2,16.8,0.794,13.339,11.98,,,
古茗(三门首府广场店),古茗,万国·首府广场,41,2.2,0.6,0.8019,0.481,0.46,,Y,
古茗(温岭三星小区店),古茗,世纪广场,73,2.2,6.0,0.9943,5.966,5.966,,,
古茗(温岭楼旗工业区),古茗,楼旗购物中心,538,2.2,0.8,1.0,0.8,0.8,,Y,
古茗(路桥中盛二店),古茗,中盛广场步行街(中盛城市广场店),22,2.2,4.6,0.7186,3.306,3.306,,,
茶百道(台州临海星悦广场店),茶百道,临海伟星星悦广场,64,1.8,1.8,1.0,1.8,1.8,,Y,
蜜雪冰城(台州府城文化旅游区店),蜜雪冰城,耀达家电(回浦路店),72,2.5,2.4,0.8394,2.015,2.015,,Y,
古茗(路桥镇横街店),古茗,横街商场,295,2.2,0.2,1.0,0.2,0.2,,Y,
古茗(三门新兴街店),古茗,浙江省台州市石洋溪步行街,626,2.2,0.0,1.0,0.0,0.0,,Y,
古茗(温岭潘郎一店),古茗,娜娜内衣商城,208,2.2,0.4,1.0,0.4,0.4,,Y,
蜜雪冰城(路桥店),蜜雪冰城,富仕广场,156,2.5,4.8,0.8549,4.104,3.86,,,
古茗(玉环城关小广路),古茗,吾悦广场(台州玉环店),780,2.2,0.0,1.0,0.0,0.0,,Y,
蜜雪冰城(中盛广场肯德基附近北里店),蜜雪冰城,中盛城市广场2期),20,2.5,2.2,0.7548,1.661,1.661,,,
古茗(温岭大溪四店),古茗,佳源豪成贝利商业广场,72,2.2,1.0,1.0,1.0,1.0,,Y,
古茗(泽国领悦广场店),古茗,温岭领悦广场购物中心,43,2.2,0.2,0.7487,0.15,0.134,,,
古茗(黄岩引泉路二店),古茗,嘉丽阳光广场购物中心,182,2.2,2.0,0.6118,1.224,1.227,,,
古茗(椒江鼎诚商业街),古茗,鼎诚商业街,16,2.2,2.0,1.0,2.0,2.0,,Y,
古茗(温岭鸣远路店),古茗,五龙商场,235,2.2,1.4,1.0,1.4,1.4,,Y,
古茗(温岭石粘二店),古茗,温岭城北商业中心,879,2.2,0.0,1.0,0.0,0.0,,Y,
古茗(温岭万达店),古茗,万达广场(温岭店),44,2.2,1.0,1.0,1.0,1.0,,Y,
古茗(天台白鹤店),古茗,商业街与繁华路交叉口,63,2.2,1.0,1.0,1.0,1.0,,Y,
古茗(温岭横峰店),古茗,横峰商业步行街,83,2.2,0.8,1.0,0.8,0.8,,Y,
古茗(路桥鑫悦店),古茗,黄氏丽人街购物广场,886,2.2,2.4,1.0,2.4,1.198,,Y,
古茗(仙居穿城北路店),古茗,仙居商城云裳,937,2.2,1.6,1.0,1.6,1.6,,Y,
茶百道(大洋西路店),茶百道,汇尊烟酒商场(云塘店),443,1.8,1.8,0.6836,1.23,1.607,,,
喜茶(丽水万地广场店),喜茶,丽水万地广场,78,2.0,15.2,0.5297,8.052,6.75,,,
CHAGEE霸王茶姬(浙江丽水万地广场店),霸王茶姬,丽水老街(万地广场店),51,2.0,19.2,0.2724,5.231,5.669,,,
1点点(万地2号门店),一点点,球迷烟酒商行(万地广场店),97,1.6,16.0,0.478,7.647,7.647,,,
蜜雪冰城(天宁街店),蜜雪冰城,清新绿生活购物广场,733,2.5,12.8,0.9197,11.772,12.616,0.9331,,Y
茉莉奶白(丽水万地广场店),茉莉奶白,万地广场金街,98,1.5,17.6,0.3016,5.307,5.495,0.9659,,Y
沪上阿姨·精选茶饮(丽水万地店),沪上阿姨,丽水老街(万地广场店),75,1.8,19.2,0.2988,5.738,5.669,,,
蜜雪冰城(万地广场店),蜜雪冰城,丽水老街(万地广场店),41,2.5,18.4,0.3299,6.07,5.669,,,
煲珠公·老红糖珍珠奶茶(丽水万地广场店),煲珠公,丽水万地广场,3,1.4,16.0,0.3405,5.448,6.75,,,
古茗(万地四楼影城店),古茗,丽水老街(万地广场店),19,2.2,18.4,0.3044,5.601,5.669,,,
古茗(莲都万地金街店),古茗,万地广场金街,23,2.2,17.6,0.3131,5.51,5.495,1.0028,,Y
茶百道(浙江丽水万地店),茶百道,万地广场金街,27,1.8,17.6,0.3998,7.037,5.495,1.2807,,Y
CoCo都可(丽水解放店),CoCo,万地广场金街,61,1.8,19.2,0.2624,5.038,5.495,0.9169,,Y
快乐番薯(丽水莲都万地金街店),快乐番薯,万地广场金街,69,1.4,19.2,0.203,3.898,5.495,0.7094,,Y
古茗(丽水万地水晶城),古茗,万地广场金街,23,2.2,17.6,0.3122,5.495,5.495,1.0,,Y
蜜雪冰城(中山街店),蜜雪冰城,清新绿生活购物广场,404,2.5,21.8,0.5787,12.616,12.616,1.0,,Y
古茗(丽水林校店),古茗,清新绿生活购物广场,407,2.2,21.8,0.6614,14.418,12.616,1.1428,,Y
1点点(丽水职业技术学院店),一点点,清新绿生活购物广场,412,1.6,21.8,0.4516,9.845,12.616,0.7803,,Y
贡茶(丽东二村店),贡茶,万地广场金街,589,1.4,20.8,1.0,20.8,5.495,3.7856,,Y
古茗(丽水林校店),古茗,好又多华夏生活购物中心(中山街店),312,2.2,10.6,0.8891,9.424,8.869,,,
瑞幸咖啡(丽水职院校内店),瑞幸,清新绿生活购物广场,699,2.2,26.4,0.9238,24.388,12.616,1.9331,,Y
蜜雪冰城(金桥东街店),蜜雪冰城,好又多华夏生活购物中心(中山街店),115,2.5,10.6,0.7027,7.449,8.869,,,
CHAGEE霸王茶姬(浙江丽水莲都宇雷路店),霸王茶姬,新禧里商场,2,2.0,16.0,0.3031,4.849,4.839,1.0021,,Y
古茗(莲都丽嘉花园店),古茗,好又多华夏生活购物中心(中山街店),132,2.2,12.2,0.6814,8.313,8.869,,,
茶百道(丽水学院七子楼店),茶百道,星火商城D区,738,1.8,16.8,0.2222,3.732,5.186,0.7197,,Y
瑞幸咖啡(丽水绿谷产业园一号楼店),瑞幸,好又多华夏生活购物中心(中山街店),790,2.2,23.2,0.9699,22.501,8.869,,,
霸王茶姬(浙江丽水西城广场店),霸王茶姬,星火商城D区,731,2.0,16.8,0.2509,4.215,5.186,0.8128,,Y
古茗(莲都中山街店),古茗,丽水大厦商城,48,2.2,10.6,0.7411,7.856,5.305,,,
蜜雪冰城(中东路店),蜜雪冰城,处州商城,383,2.5,11.8,0.915,10.797,10.797,,,
1点点(印象西城店),一点点,星火商城D区,702,1.6,16.8,0.3005,5.048,5.186,0.9734,,Y
霸王茶姬(浙江丽水莲都百货大楼店),霸王茶姬,丽水百货大楼,51,2.0,11.8,0.6913,8.158,8.158,,,
古茗(丽水西城广场店),古茗,星火商城D区,755,2.2,16.0,0.3328,5.324,5.186,1.0266,,Y
蜜雪冰城(宇雷路店),蜜雪冰城,新禧里商场,17,2.5,15.8,0.3319,5.244,4.839,1.0837,,Y
CoCo都可(继光街店),CoCo,丽水大厦商城,137,1.8,9.4,0.4369,4.107,5.305,,,
1点点(丽水继光店),一点点,丽水大厦商城,155,1.6,7.0,0.7641,5.349,5.305,,,
茶百道(莲都宇雷路店),茶百道,新禧里商场,20,1.8,15.8,0.2476,3.912,4.839,0.8083,,Y
古茗(莲都宇雷路店),古茗,新禧里商场,13,2.2,16.0,0.3025,4.839,4.839,1.0,,Y
蜜雪冰城(丽水学院店),蜜雪冰城,星火商城D区,754,2.5,15.2,0.4352,6.615,5.186,1.2755,,Y
沪上阿姨·精选茶饮(丽水学院店),沪上阿姨,星火商城D区,732,1.8,16.8,0.2189,3.678,5.186,0.7093,,Y
快乐番薯(丽水莲都中东路店),快乐番薯,京东商城线下体验店,191,1.4,15.8,0.855,13.509,13.509,,,
1点点(宇雷路店),一点点,新禧里商场,30,1.6,14.4,0.3131,4.508,4.839,0.9316,,Y
瑞幸咖啡(丽水学院丽院印象店),瑞幸,星火商城D区,934,2.2,16.8,0.8771,14.735,5.186,2.8412,,Y
蜜雪冰城(继光街店),蜜雪冰城,丽水大厦商城,126,2.5,9.4,0.5597,5.261,5.305,,,
古茗(晶都商城店),古茗,晶都步行街,26,2.2,10.4,0.679,7.061,8.064,,,
沪上阿姨·精选茶饮(丽水开发路店),沪上阿姨,厦河商城,56,1.8,18.4,0.4636,8.531,9.633,,,
蜜雪冰城(大众街店),蜜雪冰城,晶都步行街,68,2.5,12.0,0.7556,9.067,8.064,,,
古茗(莲都金汇广场店),古茗,金汇广场,41,2.2,10.6,0.6986,7.405,7.104,,,
瑞幸咖啡(丽水中心医院店),瑞幸,高岭弄购物中心,662,2.2,4.8,0.9679,4.646,4.646,,,
蜜雪冰城(厦河商城店),蜜雪冰城,厦河商城,46,2.5,18.4,0.5834,10.735,9.633,,,
古茗(莲都开发路店),古茗,厦河商城,59,2.2,16.8,0.6572,11.04,9.633,,,
1点点(开发路店),一点点,丽水商城,92,1.6,16.8,0.5992,10.067,10.067,,,
春莱ChunLai老挝冰咖啡·泰式奶茶,春莱,金汇广场,145,1.4,9.8,0.6941,6.802,7.104,,,
霸王茶姬(丽水银泰城店),霸王茶姬,葳芸,79,2.0,14.2,0.5295,7.519,7.519,,,
裕莲茶楼(丽水银泰城店),裕莲茶楼,丽水银泰城,142,1.5,14.2,0.5397,7.664,6.858,1.1175,,Y
Tamkoko泰柯茶园(丽水银泰店),Tamkoko泰柯茶园,丽水银泰城,98,1.2,12.4,0.3693,4.58,6.858,0.6677,,Y
喜茶(丽水银泰城店),喜茶,丽水银泰城,52,2.0,14.2,0.483,6.858,6.858,1.0,,Y
古茗(丽水银泰城店),古茗,丽水银泰城,102,2.2,14.2,0.5414,7.689,6.858,1.121,,Y
1点点(丽水银泰城店),一点点,丽水银泰城,19,1.6,14.2,0.3935,5.587,6.858,0.8146,,Y
蜜雪冰城(丽水高铁站店),蜜雪冰城,晨红购物广场(东升北区店),15,2.5,3.6,0.8145,2.932,2.932,,,
luckin coffee 瑞幸咖啡(大家·未来社区店),瑞幸,大家·未来里商业街,13,2.2,2.6,0.963,2.504,2.504,,Y,
古茗(新湖国际天润阁店),古茗,厦河商城,788,2.2,6.4,1.0,6.4,9.633,,,
CHAGEE霸王茶姬(浙江丽水莲都中广未来城店),霸王茶姬,优贝新吉街(中广未来城店),141,2.0,3.6,0.6177,2.224,1.175,1.8933,,Y
瑞幸咖啡(丽水水阁吴垵路店),瑞幸,欢乐购购物中心(沙溪亭小区店),816,2.2,3.2,0.858,2.745,2.436,,,
蜜雪冰城(秀山商业街店),蜜雪冰城,秀山小镇商业街,39,2.5,6.0,0.6723,4.034,4.853,,,
古茗(水阁未来城店),古茗,优贝新吉街(中广未来城店),36,2.2,2.8,0.4195,1.175,1.175,1.0,,Y
爷爷不泡茶NOYEYENOTEA(丽水中广未来城店),爷爷不泡茶,江泰未来城,10,2.0,2.8,0.4796,1.343,1.089,,,
喜茶(丽水中广未来城店),喜茶,江泰未来城,102,2.0,1.2,0.6956,0.835,1.089,,,
蜜雪冰城(秀山小区店),蜜雪冰城,秀山小镇商业街,281,2.5,6.0,0.9454,5.672,4.853,,,
蜜雪冰城(瑞丰花园店),蜜雪冰城,欢乐购购物中心(沙溪亭小区店),805,2.5,2.4,0.8864,2.127,2.436,,Y,
霸王茶姬(江泰广场店),霸王茶姬,江泰广场,33,2.0,11.2,0.4219,4.725,4.59,1.0294,,Y
LINLEE·手打柠檬茶(莲都中广未来城店),LINLEE,优贝新吉街(中广未来城店),67,1.5,2.8,0.3707,1.038,1.175,0.8838,,Y
蜜雪冰城,蜜雪冰城,优贝新吉街(中广未来城店),28,2.5,2.8,0.5472,1.532,1.175,1.3044,,Y
古茗(莲都遂松路店),古茗,江泰广场,91,2.2,10.2,0.2774,2.829,4.59,0.6164,,Y
1点点(丽水秀山店),一点点,万州时代购物中心,128,1.6,6.0,0.8106,4.863,4.863,,,
1点点(水阁开发区店),一点点,江泰广场,243,1.6,11.0,0.7891,8.68,4.59,1.8911,,Y
蜜雪冰城(江泰广场店),蜜雪冰城,江泰广场,92,2.5,10.2,0.4368,4.455,4.59,0.9706,,Y
蜜雪冰城(江泰二店),蜜雪冰城,江泰广场,92,2.5,10.2,0.4368,4.455,4.59,0.9706,,Y
茶百道(丽水未来城店),茶百道,优贝新吉街(中广未来城店),27,1.8,2.8,0.3523,0.986,1.175,0.8398,,Y
茶百道(江泰星悦汇店),茶百道,江泰广场,62,1.8,11.2,0.5164,5.784,4.59,1.2601,,Y
古茗(丽水碧湖大众街店),古茗,新海购物中心(环北路店),308,2.2,0.4,0.6352,0.254,0.254,,,
霸王茶姬(浙江丽水缙云万地广场店),霸王茶姬,shangxin赏昕,25,2.0,3.8,0.4151,1.577,1.595,,,
蜜雪冰城(碧湖店),蜜雪冰城,欧凯购物中心(丽水·碧湖店),328,2.5,1.2,0.7117,0.854,0.854,,,
爷爷不泡茶NOYEYENOTEA(丽水缙云永宁路店),爷爷不泡茶,UDV(缙云万地广场店),306,2.0,10.4,0.4887,5.083,3.439,1.478,,Y
1点点(缙云蓬莱路店),一点点,UDV(缙云万地广场店),393,1.6,8.0,0.4298,3.439,3.439,1.0,,Y
古茗(缙云东渡店),古茗,芝华仕头等舱沙发(扬帆商业广场店),974,2.2,1.6,0.7782,1.245,1.143,,,
古茗(莲都古堰画乡店),古茗,一号艺术区,334,2.2,3.4,0.7268,2.471,2.614,,,
古茗(缙云蓬莱路一店),古茗,UDV(缙云万地广场店),344,2.2,8.0,0.4111,3.288,3.439,0.9563,,Y
喜茶(丽水缙云万地广场店),喜茶,shangxin赏昕,15,2.0,3.8,0.4197,1.595,1.595,,,
古茗(缙云祠后东路店),古茗,顾家家居(茶叶市场3楼),690,2.2,4.0,0.7589,3.035,2.864,,,
茶百道(丽水缙云万地广场店),茶百道,缙云万地广场,0,1.8,4.6,0.4407,2.027,2.452,,,
蜜雪冰城(永宁星座店),蜜雪冰城,同心华庭地下商城,256,2.5,10.2,0.8215,8.38,8.38,,,
蜜雪冰城(十字街店),蜜雪冰城,金龙购物广场,465,2.5,2.6,0.7262,1.888,1.749,,,
古茗(缙云蓬莱路中心店),古茗,UDV(缙云万地广场店),336,2.2,8.0,0.4185,3.348,3.439,0.9736,,Y
茶百道(缙云新区店),茶百道,UDV(缙云万地广场店),352,1.8,8.0,0.3343,2.674,3.439,0.7777,,Y
蜜雪冰城(古堰画乡旅游度假区店),蜜雪冰城,一号艺术区,287,2.5,4.2,0.6564,2.757,2.614,,,
古茗(缙云万地广场店),古茗,shangxin赏昕,67,2.2,3.8,0.5219,1.983,1.595,,,
蜜雪冰城(缙云万地广场店),蜜雪冰城,UDV(缙云万地广场店),51,2.5,7.8,0.6037,4.709,3.439,1.3694,,Y
蜜雪冰城(实验中学店),蜜雪冰城,顾家家居(茶叶市场3楼),729,2.5,4.0,0.7159,2.864,2.864,,,
茉莉奶白(缙云万地广场店),茉莉奶白,缙云万地广场,90,1.5,6.2,0.4639,2.876,2.452,,,
蜜雪冰城(东渡镇店),蜜雪冰城,芝华仕头等舱沙发(扬帆商业广场店),908,2.5,1.6,0.7146,1.143,1.143,,,
蜜雪冰城(大桥南路店),蜜雪冰城,金龙购物广场,112,2.5,1.8,0.9701,1.746,1.749,,Y,
瑞幸咖啡(缙云寺后东路店),瑞幸,顾家家居(茶叶市场3楼),759,2.2,3.2,0.722,2.31,2.864,,,
蜜雪冰城(蓬莱路店),蜜雪冰城,UDV(缙云万地广场店),339,2.5,8.8,0.4692,4.129,3.439,1.2006,,Y
luckin coffee瑞幸咖啡(缙云东渡社区店),瑞幸,芝华仕头等舱沙发(扬帆商业广场店),596,2.2,0.8,0.9592,0.767,1.143,,Y,
古茗(缙云复兴街店),古茗,金龙购物广场,439,2.2,2.6,0.6725,1.749,1.749,,,
古茗(缙云黄碧街镇南路店),古茗,赏昕时尚购物广场,58,2.2,1.8,0.7035,1.266,1.313,,,
古茗(青田鹤城中路店),古茗,涌金街(龙东小区北区店),346,2.2,15.2,0.9312,14.154,10.899,1.2987,,Y
茶百道(丽水青田油竹店),茶百道,中国青田侨乡进口商品城,139,1.8,6.8,0.3689,2.509,3.335,,,
古茗(松阳太平坊路店),古茗,明清古街,491,2.2,5.8,0.7055,4.092,3.611,,,
古茗(壶镇小商品店),古茗,天益楼鞋服商场,39,2.2,4.0,0.5433,2.173,2.537,,,
古茗(龙泉新华街店),古茗,爱尚化妆(现代商业广场店),305,2.2,7.0,0.8956,6.27,6.27,,,
古茗(龙泉陶溪川店),古茗,望瓯·陶溪川文创街区,157,2.2,1.8,0.893,1.607,1.627,,Y,
古茗(青田水南店),古茗,青田石雕文化步行街,604,2.2,8.0,0.9218,7.374,7.441,,,
古茗(云和城东路店),古茗,好又多购物中心,442,2.2,2.6,0.7606,1.978,2.028,,,
古茗(壶镇乐业店),古茗,乐业广场,67,2.2,0.2,0.3883,0.078,0.077,,,
古茗(松阳古市店),古茗,阿杰工具五金机电商城一站式采购平台,739,2.2,1.6,0.8305,1.329,1.355,,Y,
麦记牛奶(丽水西城广场店),麦记牛奶,星火商城D区,689,1.4,16.0,0.3672,5.876,5.186,1.133,,Y
古茗(丽水松阳江泰店),古茗,松阳瓦窑头·江泰广场,152,2.2,0.2,0.6053,0.121,0.127,,,
古茗(青田温溪店),古茗,好衣购鞋服商场,135,2.2,1.8,0.8718,1.569,1.234,,Y,
蜜雪冰城(人民大街店),蜜雪冰城,明清古街,533,2.5,4.8,0.7523,3.611,3.611,,,
古茗(丽水青田之心店),古茗,青田之心,88,2.2,6.2,0.6026,3.736,3.736,,,
古茗(松阳新华路店),古茗,未来万家五金机电(松阳店),745,2.2,6.4,0.6926,4.432,4.598,,,
茶百道(缙云壶镇店),茶百道,乐业广场,69,1.8,0.2,0.355,0.071,0.077,,,
古茗(松阳人民医院店),古茗,顾家家居(长松路店),928,2.2,1.6,1.0,1.6,1.098,,Y,
古茗(松阳松州广场店),古茗,美林松州广场,99,2.2,2.8,0.8087,2.264,2.167,,Y,
古茗(丽水青田船寮店),古茗,五金机电商城(青田船寮阿杰工具),276,2.2,1.0,1.0,1.0,1.0,,Y,
古茗(云和新建路店),古茗,红豆百货(中山路店),353,2.2,1.2,0.6523,0.783,0.816,,,
古茗(景宁人民中路店),古茗,景宁江泰广场,325,2.2,3.6,0.4638,1.67,2.036,0.8199,,Y
沪上阿姨·精选茶饮(丽水云和前巷店),沪上阿姨,好又多购物中心,178,1.8,2.4,0.6604,1.585,2.028,,,
古茗(青田龙东路路口店),古茗,涌金街(龙东小区北区店),27,2.2,18.2,0.5988,10.899,10.899,1.0,,Y
古茗(庆元松源街店),古茗,庆元银河湾广场,75,2.2,2.8,0.5394,1.51,1.51,,,
古茗(遂昌上南门路店),古茗,凯新购物广场,131,2.2,1.8,0.5266,0.948,1.154,,,
茶百道(丽水龙泉尊龙店),茶百道,龙渊新天地营销中心,154,1.8,12.4,0.6444,7.991,7.991,,,
茶百道(松源街店),茶百道,庆元银河湾广场,77,1.8,2.8,0.4611,1.291,1.51,,,
古茗(松阳要津路店),古茗,顾家家居(长松路店),280,2.2,0.6,0.9942,0.597,1.098,,Y,
古茗(遂昌青云路店),古茗,府前服装市场,121,2.2,4.4,0.8352,3.675,3.659,,,
古茗(云和中山西路店),古茗,上城门购物中心,43,2.2,0.4,1.0,0.4,0.4,,Y,
古茗(景宁大树脑店),古茗,鹤溪街道商贸城,190,2.2,5.0,0.5671,2.836,2.836,,,
茶百道(上南门路店),茶百道,凯新购物广场,134,1.8,1.8,0.3916,0.705,1.154,,,
古茗(遂昌平昌路店),古茗,遂昌县五交化商场(龙潭小区店),391,2.2,0.2,0.7606,0.152,0.478,,,
蜜雪冰城(要津路店),蜜雪冰城,掌上明珠家具生活馆(创宇时代中心商住楼店),247,2.5,3.2,0.976,3.123,3.123,,,
蜜雪冰城(鸣山路店),蜜雪冰城,运动购物中心(一家广场店),85,2.5,18.2,0.8685,15.807,15.807,,,
古茗(景宁东方广场店),古茗,景宁江泰广场,42,2.2,2.8,0.7927,2.22,2.036,1.09,,Y
古茗(青田温溪江泰店),古茗,壹德江泰广场,0,2.2,2.8,1.0,2.8,2.8,,Y,
蜜雪冰城(景宁人民中路店),蜜雪冰城,景宁江泰广场,325,2.5,3.6,0.5233,1.884,2.036,0.9252,,Y
古茗(庆元石龙街店),古茗,传明五金百货批发购物中心,33,2.2,2.6,0.8134,2.115,2.155,,Y,
蜜雪冰城(龙泉万达店),蜜雪冰城,万达广场(龙泉店),43,2.5,2.0,0.978,1.956,1.956,,Y,
古茗(壶镇安居店),古茗,小博霖购物中心,118,2.2,4.6,0.789,3.629,3.724,,,
蜜雪冰城(庆元店),蜜雪冰城,庆元银河湾广场,96,2.5,2.8,0.5435,1.522,1.51,,,
蜜雪冰城(缙云黄碧街店),蜜雪冰城,新五星商场,404,2.5,2.6,0.9931,2.582,2.582,,Y,
古茗(庆元香菇市场店),古茗,庆元五都菇香金街,36,2.2,3.2,0.6473,2.071,2.071,,,
蜜雪冰城(水南店),蜜雪冰城,青田石雕文化步行街,627,2.5,8.0,0.9384,7.507,7.441,,,
古茗(油竹官中小区店),古茗,中国青田侨乡进口商品城,158,2.2,6.8,0.5189,3.528,3.335,,,
蜜雪冰城(温溪店),蜜雪冰城,好衣购鞋服商场,154,2.5,1.0,0.8978,0.898,1.234,,Y,
蜜雪冰城(龙东小区店),蜜雪冰城,涌金街(龙东小区北区店),49,2.5,19.0,0.5467,10.388,10.899,0.9531,,Y
蜜雪冰城(尊龙商贸中心店),蜜雪冰城,龙渊新天地营销中心,211,2.5,12.6,0.7907,9.963,7.991,,,
沪上阿姨·精选茶饮(丽水青田涌金街店),沪上阿姨,涌金街(龙东小区北区店),104,1.8,19.8,0.5079,10.056,10.899,0.9226,,Y
古茗(遂昌云峰店),古茗,遂昌云峰购物广场,163,2.2,2.0,1.0,2.0,2.0,,Y,
蜜雪冰城(新建路店),蜜雪冰城,红豆百货(中山路店),332,2.5,1.2,0.7078,0.849,0.816,,,
沪上阿姨·精选茶饮(丽水景宁人民中路店),沪上阿姨,景宁江泰广场,222,1.8,2.8,0.7273,2.036,2.036,1.0,,Y
沪上阿姨·精选茶饮(丽水松阳松州广场店),沪上阿姨,美林松州广场,75,1.8,2.8,0.7389,2.069,2.167,,,
蜜雪冰城(杭川花苑店),蜜雪冰城,杭川购物中心(杭川花苑店),252,2.5,3.4,1.0,3.4,3.4,,,
蜜雪冰城(南秦店),蜜雪冰城,望瓯·陶溪川文创街区,248,2.5,1.8,0.9151,1.647,1.627,,Y,
蜜雪冰城(壶镇店),蜜雪冰城,天益楼鞋服商场,30,2.5,4.8,0.6044,2.901,2.537,,,
LINLEE·手打柠檬茶(云和江泰广场店),LINLEE,云和江泰广场,56,1.5,0.4,0.5387,0.215,0.542,,,
蜜雪冰城(石龙街店),蜜雪冰城,传明五金百货批发购物中心,60,2.5,2.6,0.8446,2.196,2.155,,Y,
古茗(丽水壶镇兴达路店),古茗,兴达购物中心,92,2.2,3.6,0.8242,2.967,2.967,,,
蜜雪冰城(江泰东方广场一层1号门店),蜜雪冰城,景宁江泰广场,47,2.5,3.0,0.7957,2.387,2.036,1.1722,,Y
蜜雪冰城(景宁店),蜜雪冰城,鹤溪街道商贸城,207,2.5,4.8,0.5954,2.858,2.836,,,
蜜雪冰城(市政府店),蜜雪冰城,龙泉府前步行街(佳美新天地店),155,2.5,10.6,0.9796,10.384,10.384,,,
古茗(青田涌金街2店),古茗,涌金街(龙东小区北区店),138,2.2,18.2,0.6246,11.368,10.899,1.0431,,Y
蜜雪冰城(青云小区店),蜜雪冰城,府前服装市场,150,2.5,4.2,0.8675,3.643,3.659,,,
沪上阿姨·精选茶饮(丽水缙云壶镇乐业店),沪上阿姨,乐业广场,66,1.8,0.2,0.3773,0.075,0.077,,,
蜜雪冰城(横街店),蜜雪冰城,阿杰工具五金机电商城一站式采购平台,771,2.5,1.6,0.8636,1.382,1.355,,Y,
蜜雪冰城(云和金利宾馆店),蜜雪冰城,好又多购物中心,449,2.5,2.6,0.804,2.09,2.028,,Y,
蜜雪冰城镇南路店,蜜雪冰城,赏昕时尚购物广场,85,2.5,1.8,0.7549,1.359,1.313,,,
沪上阿姨·精选茶饮(丽水遂昌凯新广场店),沪上阿姨,凯新购物广场,84,1.8,2.6,0.523,1.36,1.154,,,
蜜雪冰城(新华路店),蜜雪冰城,未来万家五金机电(松阳店),751,2.5,6.4,0.7442,4.763,4.598,,,
蜜雪冰城(平昌路店),蜜雪冰城,遂昌县五交化商场(龙潭小区店),355,2.5,1.0,0.804,0.804,0.478,,Y,
蜜雪冰城(龙渊新天地店),蜜雪冰城,龙渊新天地营销中心,139,2.5,8.6,0.9013,7.751,7.991,,,
春莱(丽水市松阳店),春莱,明清古街,485,1.4,5.0,0.6984,3.492,3.611,,,
蜜雪冰城(瓦水段店),蜜雪冰城,松阳瓦窑头·江泰广场,164,2.5,0.2,0.6644,0.133,0.127,,,
蜜雪冰城(乐业店),蜜雪冰城,乐业广场,71,2.5,0.2,0.4481,0.09,0.077,,,
蜜雪冰城(安居桥头店),蜜雪冰城,小博霖购物中心,62,2.5,4.6,0.8302,3.819,3.724,,,
快乐番薯(人民中路店),快乐番薯,鹤溪街道商贸城,238,1.4,4.8,0.4751,2.28,2.836,,,
蜜雪冰城(云和江泰广场店),蜜雪冰城,云和江泰广场,81,2.5,1.2,0.7233,0.868,0.542,,,
蜜雪冰城(油竹店),蜜雪冰城,中国青田侨乡进口商品城,144,2.5,6.8,0.4905,3.335,3.335,,,
蜜雪冰城(龙泉水南店),蜜雪冰城,金源生活广场百川建材馆,406,2.5,3.6,0.8383,3.018,3.018,,,
蜜雪冰城(巨龙店),蜜雪冰城,Me Too(现代商业广场店),30,2.5,12.8,0.9496,12.155,12.155,,,
蜜雪冰城(香菇小镇店),蜜雪冰城,霞美五金水暖批发部,14,2.5,3.2,0.7012,2.244,2.244,,,
蜜雪冰城(遂昌店),蜜雪冰城,凯新购物广场,153,2.5,2.6,0.6201,1.612,1.154,,,
蜜雪冰城(前巷小区店),蜜雪冰城,好又多购物中心,186,2.5,2.4,0.8659,2.078,2.028,,Y,
贡茶(景兴华都店),贡茶,杭派坚果营销中心(EFC LIVE欧美广场商业A区店),283,1.4,63.4,0.8129,51.535,36.77,,,
爷爷不泡茶NOYEYENOTEA(杭州美瑭广场店),爷爷不泡茶,杭州华夏之心·WeTown美瑭,83,2.0,66.8,0.3731,24.925,18.427,1.3526,,Y
蜜雪冰城(欧美中心店),蜜雪冰城,杭州华夏之心·WeTown美瑭,104,2.5,66.0,0.4642,30.635,18.427,1.6625,,Y
李若桃·手作酸奶铺(杭州美瑭广场店),李若桃,杭州华夏之心·WeTown美瑭,64,1.4,66.0,0.2473,16.323,18.427,0.8858,,Y
煲珠公·老红糖珍珠奶茶(EFC LIVE欧美广场商业A区店),煲珠公,EFC LIVE欧美广场商业A区,31,1.4,66.4,0.3135,20.815,23.185,,,
1点点(华夏之心店),一点点,杭州华夏之心·WeTown美瑭,25,1.6,65.2,0.2661,17.353,18.427,0.9417,,Y
茉莉奶白(杭州EFC欧美广场店),茉莉奶白,酷动数码(EFC LIVE欧美广场商业A区店),19,1.5,62.4,0.3124,19.495,22.029,,,
喜茶(杭州EFC欧美广场店),喜茶,酷动数码(EFC LIVE欧美广场商业A区店),10,2.0,60.8,0.404,24.563,22.029,,,
茶百道(暂未开通),茶百道,乐时城,145,1.8,34.6,0.7651,26.472,20.815,1.2717,,Y
瑞幸咖啡(英国中心西楼店),瑞幸,商业B区(EFC LIVE欧美广场店),70,2.2,59.2,0.6149,36.401,33.953,,,
1点点(杭州未来广场·park店),一点点,乐时城,85,1.6,34.6,0.6178,21.375,20.815,1.0269,,Y
CHAGEE霸王茶姬(浙江杭州余杭抖音仓南里店),霸王茶姬,杭派坚果营销中心(EFC LIVE欧美广场商业A区店),944,2.0,23.2,0.9485,22.005,36.77,,,
春莱(杭州阿里店),春莱,海创园站觅花街,152,1.4,26.8,0.8642,23.16,19.854,1.1665,,Y
春莱泰式冰咖啡奶茶,春莱,海创园站觅花街,152,1.4,26.8,0.8642,23.16,19.854,1.1665,,Y
LINLEE·手打柠檬茶(余杭未来科技城店),LINLEE,乐时城,84,1.5,33.8,0.3962,13.39,20.815,0.6433,,Y
古茗(余杭绿城未来park店),古茗,乐时城,89,2.2,33.8,0.5656,19.116,20.815,0.9183,,Y
LINLEE·手打柠檬茶(EFC欧美广场店),LINLEE,商业B区(EFC LIVE欧美广场店),86,1.5,55.2,0.5708,31.506,33.953,,,
瑞幸咖啡(余杭海创园地铁站店),瑞幸,海创园站觅花街,30,2.2,22.8,0.858,19.562,19.854,0.9853,,Y
茶百道(杭州师范大学仓前校区店),茶百道,乐时城,490,1.8,25.8,0.7847,20.247,20.815,0.9727,,Y
蜜雪冰城(创景路地铁站店),蜜雪冰城,万达广场(杭州未来科技城店),140,2.5,50.8,0.8162,41.462,11.485,,,
蜜雪冰城(阿里巴巴西溪园区C区店),蜜雪冰城,海创园站觅花街,242,2.5,21.8,0.9107,19.854,19.854,1.0,,Y
喜茶(杭州未来科技城万达广场店),喜茶,觅花街(创景路地铁站店),63,2.0,48.6,0.7878,38.289,38.289,,,
古茗(余杭阿里西溪C区店),古茗,海创园站觅花街,517,2.2,6.4,0.9607,6.149,19.854,0.3097,,Y
蜜雪冰城(阿里西溪A区店),蜜雪冰城,海创园站觅花街,244,2.5,22.0,0.9085,19.986,19.854,1.0067,,Y
1点点(创客空间大厦店),一点点,万达广场(杭州未来科技城店),468,1.6,2.0,0.8903,1.781,11.485,,Y,
茶百道(杭州溪望店),茶百道,佰旺,102,1.8,5.8,0.9606,5.571,5.571,,,
古茗(余杭阿里西溪A区店),古茗,海创园站觅花街,433,2.2,6.0,0.9388,5.633,19.854,0.2837,,Y
蜜雪冰城(仓兴街店),蜜雪冰城,美瑭广场,839,2.5,6.4,0.6716,4.298,4.298,,,
古茗(杭州梦想小镇店),古茗,蜜糖街(美瑭广场店),812,2.2,9.6,0.4751,4.561,3.732,,,
茶百道(杭州梦想小镇店),茶百道,蜜糖街(美瑭广场店),820,1.8,9.6,0.3888,3.732,3.732,,,
LINLEE·手打柠檬茶(LINLEE•梦想小镇店),LINLEE,蜜糖街(美瑭广场店),818,1.5,8.0,0.3649,2.919,3.732,,,
沪上阿姨·精选茶饮(杭州美瑭广场店)(暂停营业),沪上阿姨,杭州华夏之心·WeTown美瑭,30,1.8,67.6,0.2605,17.611,18.427,0.9557,,Y
古茗(杭师大恕园8号楼店)(暂停营业),古茗,乐时城,476,2.2,25.0,0.8326,20.815,20.815,1.0,,Y
LELECHA乐乐茶(星耀城二期店),乐乐茶,星耀城二期城市生活广场,65,1.6,30.8,0.4106,12.646,13.408,,,
爷爷不泡茶NOYEYENOTEA(杭州滨江星光国际广场店),爷爷不泡茶,星光国际广场,34,2.0,69.6,0.796,55.405,55.405,,,
茶百道(星光大道),茶百道,星光百货,63,1.8,49.6,0.6993,34.684,34.684,,,
1点点(星光大道店),一点点,星光大道1期,58,1.6,47.2,0.6241,29.456,29.456,,,
茉莉奶白(华联·星光大道2期店),茉莉奶白,华联·星光大道2期南区,10,1.5,62.4,0.6416,40.033,40.033,,,
古茗(滨江聚光中心店),古茗,银泰百货B区,572,2.2,16.0,0.9638,15.421,9.326,,,
1点点(星澜里店),一点点,星澜里,58,1.6,10.6,0.5209,5.521,5.521,1.0,,Y
1点点(中兴花园百合苑店),一点点,龙湖滨江天街B馆,385,1.6,17.6,0.5021,8.838,2.127,4.1557,,Y
古茗(中兴花园店),古茗,龙湖滨江天街B馆,391,2.2,18.4,0.6388,11.754,2.127,5.527,,Y
古茗(滨江海威新界店),古茗,星澜里,563,2.2,9.6,0.4945,4.747,5.521,0.8598,,Y
蜜雪冰城(物联网街店),蜜雪冰城,星澜里,569,2.5,9.6,0.5487,5.268,5.521,0.954,,Y
蜜雪冰城(中赢国际店),蜜雪冰城,中赢国际生活广场,27,2.5,7.4,0.9356,6.923,6.879,,,
爷爷不泡茶NOYEYENOTEA(杭州龙湖滨江天街店),爷爷不泡茶,宏泰烟酒商场(风雅钱塘店),156,2.0,10.4,0.4282,4.453,5.86,,,
贡茶(龙湖天街店),贡茶,宏泰烟酒商场(风雅钱塘店),112,1.4,9.8,0.598,5.86,5.86,,,
喜茶(杭州滨江银泰店),喜茶,滨江银泰-西区,29,2.0,8.4,0.3337,2.803,2.801,,,
霸王茶姬(华联·星光大道2期店),霸王茶姬,中赢国际生活广场,173,2.0,7.6,0.8992,6.834,6.879,,,
爷爷不泡茶NOYEYENOTEA(杭州滨江银泰店),爷爷不泡茶,滨江银泰-西区,32,2.0,8.4,0.3331,2.798,2.801,,,
LINLEE·手打柠檬茶(滨江银泰店),LINLEE,银泰百货B区,95,1.5,9.2,0.3511,3.23,9.326,,,
蜜雪冰城(月明路店),蜜雪冰城,宏泰烟酒商场(风雅钱塘店),132,2.5,9.0,0.7394,6.654,5.86,,,
煲珠公·老红糖珍珠奶茶(杭州滨江龙湖天街店),煲珠公,龙湖杭州滨江天街,49,1.4,8.0,0.2605,2.084,1.845,,,
喜茶(杭州龙湖滨江天街店),喜茶,龙湖杭州滨江天街,57,2.0,8.0,0.3738,2.991,1.845,,,
周四晚·不止碰到茶(滨江银泰店),周四晚,银泰百货A区,33,1.6,7.6,0.3405,2.588,2.724,,,
CoCo都可(滨江银泰店),CoCo,银泰百货C区,49,1.8,10.0,0.2852,2.852,2.852,1.0,,Y
茉酸奶(杭州滨江银泰城店),茉酸奶,银泰百货C区,38,1.6,10.0,0.2252,2.252,2.852,0.7897,,Y
蜜雪冰城(杭州星澳商务中心店),蜜雪冰城,银泰百货(杭州滨江店),72,2.5,8.4,0.4093,3.438,2.843,,,
沪上阿姨·精选茶饮(杭州滨江银泰城店),沪上阿姨,银泰百货C区,27,1.8,10.8,0.2509,2.709,2.852,0.95,,Y
春莱(杭州市滨和路店),春莱,银泰百货(杭州滨江店),55,1.4,8.4,0.2677,2.249,2.843,,,
古茗(滨江银泰负一店),古茗,银泰百货C区,28,2.2,10.8,0.3308,3.572,2.852,1.2526,,Y
1点点(铂金岛店),一点点,滨江铂金岛商业街(龙湖杭州滨江天街店),12,1.6,6.4,0.3534,2.262,2.262,,,
1点点(龙湖杭州滨江天街店),一点点,龙湖滨江天街B馆,22,1.6,7.2,0.234,1.685,2.127,0.7921,,Y
李若桃·手做酸奶铺(杭州滨江银泰店),李若桃,银泰百货C区,19,1.4,9.2,0.3138,2.887,2.852,1.0124,,Y
茉莉奶白(杭州龙湖滨江天街店),茉莉奶白,龙湖滨江天街B馆,13,1.5,7.2,0.2391,1.722,2.127,0.8096,,Y
LINLEE·手打柠檬茶(滨江龙湖天街店),LINLEE,龙湖杭州滨江天街,62,1.5,6.4,0.2327,1.489,1.845,,,
茉莉奶白(绍兴龙湖镜湖天街店),茉莉奶白,龙湖滨江天街B馆,51,1.5,5.6,0.2608,1.461,2.127,0.6869,,Y
luckin coffee 瑞幸咖啡(龙湖滨江天街B馆店),瑞幸,龙湖滨江天街B馆,56,2.2,5.6,0.3798,2.127,2.127,1.0,,Y
闲吉·好茶自然香(龙湖杭州滨江天街店)(暂停营业),闲吉,龙湖杭州滨江天街,45,1.1,8.0,0.2007,1.605,1.845,,,
古茗(鄞州罗蒙环球乐园),古茗,宁波环球银泰百货,87,2.2,38.8,0.5248,20.363,12.536,1.6244,,Y
luckin coffee 瑞幸咖啡(宁波明州医院2号楼店),瑞幸,日丽烟酒商场(美邸园公园天下店),518,2.2,13.6,1.0,13.6,13.6,,,
LINLEE·手打柠檬茶(宁波环球银泰城店),LINLEE,三江购物(宁波环球银泰店),69,1.5,36.4,0.397,14.45,14.45,,,
茉酸奶(宁波环球银泰百货店),茉酸奶,宁波环球银泰百货,40,1.6,38.0,0.3299,12.536,12.536,1.0,,Y
书亦烧仙草(宁波环球银泰城店),书亦烧仙草,宁波环球银泰百货,36,1.7,36.4,0.3178,11.566,12.536,0.9226,,Y
宝圆圆·现炒珍珠奶茶(环球银泰店),宝圆圆,宁波环球银泰百货,15,1.3,37.2,0.246,9.152,12.536,0.7301,,Y
1点点(银泰公寓店),一点点,阿福食品商场(环球城店),72,1.6,36.4,0.5198,18.923,16.389,,,
茶百道(宁波句章路店),茶百道,阿福食品商场(环球城店),142,1.8,38.0,0.3644,13.849,16.389,,,
沪上阿姨·精选茶饮(宁波环球银泰店),沪上阿姨,阿福食品商场(环球城店),123,1.8,38.0,0.4101,15.585,16.389,,,
古茗(鄞州星光大道店),古茗,荣安•星光大道(广场),34,2.2,25.0,0.8347,20.866,20.866,,,
luckin coffee 瑞幸咖啡(甬邦大厦店),瑞幸,城市摩尔商业街,69,2.2,46.4,0.9625,44.659,44.659,,,
瑞幸咖啡(勤大大厦店),瑞幸,鄞礼食品商场(迪趣广场店),172,2.2,67.4,0.8703,58.659,58.659,,,
瑞幸咖啡(永强大厦店),瑞幸,甬南食品商场(南部店),105,2.2,79.8,0.7142,56.993,27.853,,,
1点点(水街店),一点点,红泰食品商场(宁波南部商务区店),76,1.6,77.2,0.3276,25.29,29.038,0.8709,,Y
霸王茶姬(浙江宁波鄞州水街店),霸王茶姬,红泰食品商场(宁波南部商务区店),88,2.0,74.0,0.3335,24.676,29.038,0.8498,,Y
瑞幸咖啡(奥克斯中央大厦店),瑞幸,红泰食品商场(宁波南部商务区店),123,2.2,71.4,0.4592,32.786,29.038,1.1291,,Y
luckin coffee 瑞幸咖啡(博纳国际大厦店),瑞幸,物优家宁波旗舰中心(泰康中路店),90,2.2,64.2,0.5871,37.694,32.732,,,
喜茶(宁波南商店),喜茶,甬南食品商场(南部店),110,2.0,58.8,0.5112,30.06,27.853,,,
爷爷不泡茶NOYEYENOTEA(宁波南商店),爷爷不泡茶,甬南食品商场(南部店),159,2.0,53.0,0.4839,25.646,27.853,,,
霸王茶姬(浙江宁波鄞州南商山丘市集店),霸王茶姬,甬南食品商场(南部店),188,2.0,48.0,0.5047,24.227,27.853,,,
